timestamp_raw,timestamp_iso,price,volume
Jan 09 2015 01: +0,,915.099,74129
Jan 10 2015 01: +0,,537.805,87686
Jan 11 2015 01: +0,,410.475,86192
Jan 12 2015 01: +0,,385.091,65737
Jan 13 2015 01: +0,,357.878,64090
Jan 14 2015 01: +0,,311.341,67710
Jan 15 2015 01: +0,,298.252,63915
Jan 16 2015 01: +0,,264.604,73142
Jan 17 2015 01: +0,,225.945,86983
Jan 18 2015 01: +0,,180.683,90765
Jan 19 2015 01: +0,,189.823,73073
Jan 20 2015 01: +0,,186.059,67436
Jan 21 2015 01: +0,,173.214,65931
Jan 22 2015 01: +0,,163.772,73193
Jan 23 2015 01: +0,,173.792,81161
Jan 24 2015 01: +0,,159.553,84206
Jan 25 2015 01: +0,,133.934,95932
Jan 26 2015 01: +0,,134.469,79298
Jan 27 2015 01: +0,,135.344,77197
Jan 28 2015 01: +0,,131.821,72583
Jan 29 2015 01: +0,,123.964,79614
Jan 30 2015 01: +0,,120.416,96233
Jan 31 2015 01: +0,,116.31,106019
Feb 01 2015 01: +0,,98.366,104071
Feb 02 2015 01: +0,,99.154,89433
Feb 03 2015 01: +0,,104.406,84973
Feb 04 2015 01: +0,,107.836,81762
Feb 05 2015 01: +0,,108.361,78297
Feb 06 2015 01: +0,,105.27,85512
Feb 07 2015 01: +0,,95.886,97339
Feb 08 2015 01: +0,,85.769,101036
Feb 09 2015 01: +0,,81.462,82523
Feb 10 2015 01: +0,,80.598,79492
Feb 11 2015 01: +0,,79.104,79570
Feb 12 2015 01: +0,,79.469,87289
Feb 13 2015 01: +0,,82.206,95512
Feb 14 2015 01: +0,,81.234,100599
Feb 15 2015 01: +0,,73.954,99018
Feb 16 2015 01: +0,,66.433,87867
Feb 17 2015 01: +0,,64.369,85932
Feb 18 2015 01: +0,,66.487,87819
Feb 19 2015 01: +0,,68.847,85550
Feb 20 2015 01: +0,,72.06,95582
Feb 21 2015 01: +0,,69.656,97533
Feb 22 2015 01: +0,,58.597,99335
Feb 23 2015 01: +0,,56.364,90372
Feb 24 2015 01: +0,,62.192,91087
Feb 25 2015 01: +0,,68.602,94915
Feb 26 2015 01: +0,,73.917,87212
Feb 27 2015 01: +0,,77.639,107615
Feb 28 2015 01: +0,,73.896,107988
Mar 01 2015 01: +0,,67.557,103956
Mar 02 2015 01: +0,,67.028,86938
Mar 03 2015 01: +0,,69.493,85271
Mar 04 2015 01: +0,,70.797,78965
Mar 05 2015 01: +0,,68.02,81170
Mar 06 2015 01: +0,,64.736,94547
Mar 07 2015 01: +0,,58.817,105774
Mar 08 2015 01: +0,,53.828,101855
Mar 09 2015 01: +0,,49.527,85613
Mar 10 2015 01: +0,,52.838,82941
Mar 11 2015 01: +0,,54.076,73926
Mar 12 2015 01: +0,,47.113,82693
Mar 13 2015 01: +0,,50.704,97582
Mar 14 2015 01: +0,,47.574,114896
Mar 15 2015 01: +0,,40.153,115346
Mar 16 2015 01: +0,,36.35,95124
Mar 17 2015 01: +0,,38.919,88471
Mar 18 2015 01: +0,,38.902,85070
Mar 19 2015 01: +0,,40.123,91613
Mar 20 2015 01: +0,,41.632,103536
Mar 21 2015 01: +0,,39.284,112947
Mar 22 2015 01: +0,,34.397,109970
Mar 23 2015 01: +0,,32.77,97483
Mar 24 2015 01: +0,,33.161,97454
Mar 25 2015 01: +0,,36.474,106436
Mar 26 2015 01: +0,,39.883,100462
Mar 27 2015 01: +0,,41.054,115380
Mar 28 2015 01: +0,,40.524,123943
Mar 29 2015 01: +0,,37.173,117241
Mar 30 2015 01: +0,,36.367,109534
Mar 31 2015 01: +0,,38.505,112262
Apr 01 2015 01: +0,,42.051,127063
Apr 02 2015 01: +0,,43.298,110801
Apr 03 2015 01: +0,,42.87,113899
Apr 04 2015 01: +0,,40.531,117739
Apr 05 2015 01: +0,,39.15,121149
Apr 06 2015 01: +0,,40.972,111708
Apr 07 2015 01: +0,,39.674,106270
Apr 08 2015 01: +0,,39.76,108838
Apr 09 2015 01: +0,,41.173,108132
Apr 10 2015 01: +0,,40.935,107617
Apr 11 2015 01: +0,,40.737,129525
Apr 12 2015 01: +0,,38.445,114412
Apr 13 2015 01: +0,,37.856,96417
Apr 14 2015 01: +0,,35.496,85543
Apr 15 2015 01: +0,,31.919,91353
Apr 16 2015 01: +0,,23.839,125764
Apr 17 2015 01: +0,,18.742,119586
Apr 18 2015 01: +0,,16.769,139038
Apr 19 2015 01: +0,,14.157,112362
Apr 20 2015 01: +0,,14.587,111936
Apr 21 2015 01: +0,,14.375,97553
Apr 22 2015 01: +0,,14.053,94291
Apr 23 2015 01: +0,,14.09,101250
Apr 24 2015 01: +0,,14.556,114779
Apr 25 2015 01: +0,,14.097,123638
Apr 26 2015 01: +0,,12.306,108597
Apr 27 2015 01: +0,,11.626,96070
Apr 28 2015 01: +0,,11.63,93680
Apr 29 2015 01: +0,,12.26,96990
Apr 30 2015 01: +0,,12.254,113738
May 01 2015 01: +0,,11.637,140549
May 02 2015 01: +0,,12.559,121723
May 03 2015 01: +0,,10.459,102435
May 04 2015 01: +0,,9.591,96830
May 05 2015 01: +0,,9.515,88723
May 06 2015 01: +0,,9.483,85254
May 07 2015 01: +0,,9.386,84765
May 08 2015 01: +0,,9.409,106355
May 09 2015 01: +0,,9.166,112383
May 10 2015 01: +0,,8.174,97481
May 11 2015 01: +0,,7.386,84184
May 12 2015 01: +0,,7.389,81381
May 13 2015 01: +0,,7.361,85830
May 14 2015 01: +0,,7.498,90318
May 15 2015 01: +0,,8.094,102606
May 16 2015 01: +0,,7.577,109916
May 17 2015 01: +0,,6.98,105035
May 18 2015 01: +0,,6.362,80908
May 19 2015 01: +0,,6.1,91937
May 20 2015 01: +0,,5.951,82150
May 21 2015 01: +0,,5.829,86136
May 22 2015 01: +0,,5.614,103310
May 23 2015 01: +0,,5.486,107622
May 24 2015 01: +0,,4.679,106586
May 25 2015 01: +0,,4.978,97663
May 26 2015 01: +0,,5.195,97977
May 27 2015 01: +0,,3.262,91803
May 28 2015 01: +0,,3.239,91867
May 29 2015 01: +0,,3.724,101753
May 30 2015 01: +0,,3.996,110340
May 31 2015 01: +0,,3.859,110245
Jun 01 2015 01: +0,,4.148,109124
Jun 02 2015 01: +0,,3.926,107592
Jun 03 2015 01: +0,,3.505,100587
Jun 04 2015 01: +0,,3.25,102959
Jun 05 2015 01: +0,,3.13,101697
Jun 06 2015 01: +0,,3.564,93102
Jun 07 2015 01: +0,,3.506,86822
Jun 08 2015 01: +0,,3.353,81799
Jun 09 2015 01: +0,,3.135,81892
Jun 10 2015 01: +0,,3.193,88942
Jun 11 2015 01: +0,,3.037,75422
Jun 12 2015 01: +0,,2.605,92665
Jun 13 2015 01: +0,,2.858,86942
Jun 14 2015 01: +0,,2.678,87948
Jun 15 2015 01: +0,,2.438,71338
Jun 16 2015 01: +0,,2.62,72383
Jun 17 2015 01: +0,,2.391,69315
Jun 18 2015 01: +0,,2.46,68252
Jun 19 2015 01: +0,,2.621,66410
Jun 20 2015 01: +0,,2.615,69167
Jun 21 2015 01: +0,,2.66,63549
Jun 22 2015 01: +0,,2.345,60445
Jun 23 2015 01: +0,,2.569,55952
Jun 24 2015 01: +0,,2.491,62471
Jun 25 2015 01: +0,,2.65,63908
Jun 26 2015 01: +0,,2.722,67835
Jun 27 2015 01: +0,,2.64,68250
Jun 28 2015 01: +0,,2.71,66352
Jun 29 2015 01: +0,,2.608,66821
Jun 30 2015 01: +0,,2.606,75965
Jul 01 2015 01: +0,,2.628,76036
Jul 02 2015 01: +0,,2.412,74451
Jul 03 2015 01: +0,,2.519,74878
Jul 04 2015 01: +0,,2.23,65848
Jul 05 2015 01: +0,,2.363,60233
Jul 06 2015 01: +0,,2.336,70069
Jul 07 2015 01: +0,,2.442,65839
Jul 08 2015 01: +0,,2.488,61662
Jul 09 2015 01: +0,,2.168,65571
Jul 10 2015 01: +0,,2.415,67290
Jul 11 2015 01: +0,,2.287,73722
Jul 12 2015 01: +0,,2.308,71548
Jul 13 2015 01: +0,,2.083,68556
Jul 14 2015 01: +0,,1.915,67135
Jul 15 2015 01: +0,,2.21,69881
Jul 16 2015 01: +0,,1.721,70163
Jul 17 2015 01: +0,,2.089,72024
Jul 18 2015 01: +0,,2.248,70206
Jul 19 2015 01: +0,,2.057,69525
Jul 20 2015 01: +0,,1.819,71515
Jul 21 2015 01: +0,,1.843,75191
Jul 22 2015 01: +0,,1.642,62795
Jul 23 2015 01: +0,,1.62,69408
Jul 24 2015 01: +0,,1.967,72848
Jul 25 2015 01: +0,,1.951,71608
Jul 26 2015 01: +0,,2.213,62465
Jul 27 2015 01: +0,,1.439,69929
Jul 28 2015 01: +0,,1.496,66575
Jul 29 2015 01: +0,,1.321,65589
Jul 30 2015 01: +0,,1.49,65430
Jul 31 2015 01: +0,,1.783,68485
Aug 01 2015 01: +0,,1.693,71711
Aug 02 2015 01: +0,,1.327,74523
Aug 03 2015 01: +0,,1.443,65100
Aug 04 2015 01: +0,,1.223,66546
Aug 05 2015 01: +0,,1.43,67344
Aug 06 2015 01: +0,,1.314,66487
Aug 07 2015 01: +0,,1.545,69446
Aug 08 2015 01: +0,,1.812,71051
Aug 09 2015 01: +0,,1.561,65163
Aug 10 2015 01: +0,,1.209,71875
Aug 11 2015 01: +0,,1.458,61375
Aug 12 2015 01: +0,,1.125,68117
Aug 13 2015 01: +0,,1.336,61408
Aug 14 2015 01: +0,,1.28,63278
Aug 15 2015 01: +0,,1.441,58427
Aug 16 2015 01: +0,,1.189,57861
Aug 17 2015 01: +0,,1.149,54504
Aug 18 2015 01: +0,,0.925,53844
Aug 19 2015 01: +0,,0.732,67889
Aug 20 2015 01: +0,,0.686,64668
Aug 21 2015 01: +0,,1.077,70445
Aug 22 2015 01: +0,,0.942,61971
Aug 23 2015 01: +0,,1.101,60754
Aug 24 2015 01: +0,,1.044,67673
Aug 25 2015 01: +0,,0.915,62692
Aug 26 2015 01: +0,,1.13,65489
Aug 27 2015 01: +0,,1.018,67708
Aug 28 2015 01: +0,,1.239,70835
Aug 29 2015 01: +0,,1.265,70350
Aug 30 2015 01: +0,,1.021,74974
Aug 31 2015 01: +0,,1.294,67217
Sep 01 2015 01: +0,,1.353,73737
Sep 02 2015 01: +0,,0.775,68672
Sep 03 2015 01: +0,,1.45,74944
Sep 04 2015 01: +0,,1.407,74390
Sep 05 2015 01: +0,,1.073,80744
Sep 06 2015 01: +0,,1.203,73110
Sep 07 2015 01: +0,,1.312,73035
Sep 08 2015 01: +0,,1.002,86441
Sep 09 2015 01: +0,,1.361,57446
Sep 10 2015 01: +0,,1.103,74220
Sep 11 2015 01: +0,,1.049,71522
Sep 12 2015 01: +0,,1.246,77601
Sep 13 2015 01: +0,,1.104,80378
Sep 14 2015 01: +0,,1.166,64413
Sep 15 2015 01: +0,,1.22,60444
Sep 16 2015 01: +0,,1.132,77071
Sep 17 2015 01: +0,,1.128,77552
Sep 18 2015 01: +0,,1.684,152595
Sep 19 2015 01: +0,,1.073,151635
Sep 20 2015 01: +0,,1.535,128117
Sep 21 2015 01: +0,,1.291,109600
Sep 22 2015 01: +0,,1.399,95045
Sep 23 2015 01: +0,,1.64,87208
Sep 24 2015 01: +0,,1.545,80629
Sep 25 2015 01: +0,,1.864,89070
Sep 26 2015 01: +0,,2.169,78555
Sep 27 2015 01: +0,,1.752,68169
Sep 28 2015 01: +0,,1.712,65924
Sep 29 2015 01: +0,,1.702,58249
Sep 30 2015 01: +0,,1.809,55835
Oct 01 2015 01: +0,,1.984,52381
Oct 02 2015 01: +0,,1.973,65820
Oct 03 2015 01: +0,,1.866,72520
Oct 04 2015 01: +0,,2.214,64921
Oct 05 2015 01: +0,,2.375,64446
Oct 06 2015 01: +0,,2.537,70005
Oct 07 2015 01: +0,,2.764,80480
Oct 08 2015 01: +0,,1.807,183590
Oct 09 2015 01: +0,,2.423,144475
Oct 10 2015 01: +0,,2.352,119137
Oct 11 2015 01: +0,,2.361,113881
Oct 12 2015 01: +0,,2.429,292085
Oct 13 2015 01: +0,,2.628,294339
Oct 14 2015 01: +0,,3.852,158872
Oct 15 2015 01: +0,,3.672,118899
Oct 16 2015 01: +0,,3.769,65717
Oct 17 2015 01: +0,,3.355,76070
Oct 18 2015 01: +0,,3.064,63529
Oct 19 2015 01: +0,,3.172,51039
Oct 20 2015 01: +0,,3.116,54406
Oct 21 2015 01: +0,,3.073,66605
Oct 22 2015 01: +0,,2.894,46277
Oct 23 2015 01: +0,,2.832,63021
Oct 24 2015 01: +0,,2.616,64324
Oct 25 2015 01: +0,,2.346,65161
Oct 26 2015 01: +0,,2.668,51328
Oct 27 2015 01: +0,,2.297,51611
Oct 28 2015 01: +0,,2.021,53222
Oct 29 2015 01: +0,,2.241,53002
Oct 30 2015 01: +0,,2.884,55659
Oct 31 2015 01: +0,,2.975,66730
Nov 01 2015 01: +0,,2.817,78425
Nov 02 2015 01: +0,,2.657,56324
Nov 03 2015 01: +0,,2.906,38862
Nov 04 2015 01: +0,,2.391,42254
Nov 05 2015 01: +0,,2.349,40733
Nov 06 2015 01: +0,,2.331,39479
Nov 07 2015 01: +0,,2.364,45094
Nov 08 2015 01: +0,,1.992,42020
Nov 09 2015 01: +0,,2.111,35526
Nov 10 2015 01: +0,,2.108,31841
Nov 11 2015 01: +0,,2.309,28421
Nov 12 2015 01: +0,,2.479,31008
Nov 13 2015 01: +0,,2.172,48223
Nov 14 2015 01: +0,,1.823,45880
Nov 15 2015 01: +0,,1.832,46644
Nov 16 2015 01: +0,,2.776,61945
Nov 17 2015 01: +0,,2.948,99011
Nov 18 2015 01: +0,,3.253,72163
Nov 19 2015 01: +0,,2.899,59506
Nov 20 2015 01: +0,,3.324,65609
Nov 21 2015 01: +0,,3.285,65855
Nov 22 2015 01: +0,,3.234,57665
Nov 23 2015 01: +0,,3.283,44217
Nov 24 2015 01: +0,,3.567,45287
Nov 25 2015 01: +0,,3.323,48395
Nov 26 2015 01: +0,,3.095,61111
Nov 27 2015 01: +0,,3.076,66273
Nov 28 2015 01: +0,,2.95,61967
Nov 29 2015 01: +0,,2.68,57509
Nov 30 2015 01: +0,,2.773,46843
Dec 01 2015 01: +0,,2.852,53579
Dec 02 2015 01: +0,,2.922,50489
Dec 03 2015 01: +0,,3.033,40601
Dec 04 2015 01: +0,,3.111,50041
Dec 05 2015 01: +0,,2.969,46572
Dec 06 2015 01: +0,,3.125,46260
Dec 07 2015 01: +0,,3.279,43145
Dec 08 2015 01: +0,,3.168,38480
Dec 09 2015 01: +0,,3.008,47185
Dec 10 2015 01: +0,,3.304,50106
Dec 11 2015 01: +0,,3.475,44144
Dec 12 2015 01: +0,,3.343,46760
Dec 13 2015 01: +0,,3.31,45173
Dec 14 2015 01: +0,,3.515,34952
Dec 15 2015 01: +0,,3.395,36627
Dec 16 2015 01: +0,,3.41,36911
Dec 17 2015 01: +0,,3.798,27517
Dec 18 2015 01: +0,,3.908,31515
Dec 19 2015 01: +0,,3.47,36291
Dec 20 2015 01: +0,,3.35,34296
Dec 21 2015 01: +0,,3.896,31276
Dec 22 2015 01: +0,,3.844,33116
Dec 23 2015 01: +0,,3.426,40226
Dec 24 2015 01: +0,,3.826,38276
Dec 25 2015 01: +0,,4.197,41402
Dec 26 2015 01: +0,,3.713,53271
Dec 27 2015 01: +0,,3.505,45442
Dec 28 2015 01: +0,,3.638,40564
Dec 29 2015 01: +0,,3.723,37573
Dec 30 2015 01: +0,,3.734,36441
Dec 31 2015 01: +0,,3.23,52900
Jan 01 2016 01: +0,,3.268,65344
Jan 02 2016 01: +0,,3.546,46759
Jan 03 2016 01: +0,,3.576,42976
Jan 04 2016 01: +0,,3.376,39366
Jan 05 2016 01: +0,,3.892,33897
Jan 06 2016 01: +0,,3.914,32144
Jan 07 2016 01: +0,,3.803,40498
Jan 08 2016 01: +0,,3.809,47633
Jan 09 2016 01: +0,,3.881,60611
Jan 10 2016 01: +0,,4.695,37719
Jan 11 2016 01: +0,,4.532,31855
Jan 12 2016 01: +0,,4.734,40567
Jan 13 2016 01: +0,,4.823,44553
Jan 14 2016 01: +0,,5.025,36510
Jan 15 2016 01: +0,,5.03,43292
Jan 16 2016 01: +0,,5.008,49798
Jan 17 2016 01: +0,,5.098,42042
Jan 18 2016 01: +0,,4.893,34367
Jan 19 2016 01: +0,,5.228,30935
Jan 20 2016 01: +0,,5.262,28906
Jan 21 2016 01: +0,,5.124,29728
Jan 22 2016 01: +0,,5.336,29534
Jan 23 2016 01: +0,,5.712,31194
Jan 24 2016 01: +0,,5.33,31351
Jan 25 2016 01: +0,,5.64,33454
Jan 26 2016 01: +0,,5.689,32137
Jan 27 2016 01: +0,,5.697,30450
Jan 28 2016 01: +0,,5.525,25736
Jan 29 2016 01: +0,,5.538,32153
Jan 30 2016 01: +0,,5.744,35460
Jan 31 2016 01: +0,,5.666,33441
Feb 01 2016 01: +0,,5.503,31922
Feb 02 2016 01: +0,,5.409,28713
Feb 03 2016 01: +0,,5.548,25243
Feb 04 2016 01: +0,,5.797,27144
Feb 05 2016 01: +0,,5.786,33699
Feb 06 2016 01: +0,,5.35,36893
Feb 07 2016 01: +0,,5.094,33042
Feb 08 2016 01: +0,,5.094,26295
Feb 09 2016 01: +0,,5.07,25321
Feb 10 2016 01: +0,,5.001,24433
Feb 11 2016 01: +0,,5.082,24730
Feb 12 2016 01: +0,,5.037,25255
Feb 13 2016 01: +0,,5.189,26446
Feb 14 2016 01: +0,,5.365,31185
Feb 15 2016 01: +0,,5.576,21964
Feb 16 2016 01: +0,,5.808,22726
Feb 17 2016 01: +0,,5.612,22640
Feb 18 2016 01: +0,,5.385,47550
Feb 19 2016 01: +0,,5.411,28045
Feb 20 2016 01: +0,,5.245,30451
Feb 21 2016 01: +0,,5.133,28856
Feb 22 2016 01: +0,,5.141,27389
Feb 23 2016 01: +0,,5.454,22254
Feb 24 2016 01: +0,,5.86,25412
Feb 25 2016 01: +0,,5.681,28391
Feb 26 2016 01: +0,,5.856,25248
Feb 27 2016 01: +0,,6.016,33858
Feb 28 2016 01: +0,,6.039,23669
Feb 29 2016 01: +0,,5.956,30319
Mar 01 2016 01: +0,,6.064,25665
Mar 02 2016 01: +0,,5.89,28224
Mar 03 2016 01: +0,,5.707,29040
Mar 04 2016 01: +0,,5.799,26407
Mar 05 2016 01: +0,,6.04,28810
Mar 06 2016 01: +0,,5.804,24861
Mar 07 2016 01: +0,,5.955,21294
Mar 08 2016 01: +0,,5.819,21357
Mar 09 2016 01: +0,,5.706,16815
Mar 10 2016 01: +0,,6.379,17893
Mar 11 2016 01: +0,,6.969,18181
Mar 12 2016 01: +0,,7.271,27113
Mar 13 2016 01: +0,,7.035,25081
Mar 14 2016 01: +0,,8.0,115500
Mar 15 2016 01: +0,,10.443,52393
Mar 16 2016 01: +0,,10.034,26737
Mar 17 2016 01: +0,,10.279,23496
Mar 18 2016 01: +0,,10.301,22007
Mar 19 2016 01: +0,,10.374,21541
Mar 20 2016 01: +0,,10.17,19997
Mar 21 2016 01: +0,,9.985,16253
Mar 22 2016 01: +0,,9.858,16019
Mar 23 2016 01: +0,,9.544,15545
Mar 24 2016 01: +0,,9.763,19439
Mar 25 2016 01: +0,,9.707,17953
Mar 26 2016 01: +0,,9.752,16905
Mar 27 2016 01: +0,,9.251,18336
Mar 28 2016 01: +0,,9.047,14600
Mar 29 2016 01: +0,,8.995,15775
Mar 30 2016 01: +0,,8.816,15597
Mar 31 2016 01: +0,,8.937,17751
Apr 01 2016 01: +0,,9.489,21081
Apr 02 2016 01: +0,,9.705,19345
Apr 03 2016 01: +0,,8.826,28956
Apr 04 2016 01: +0,,9.683,22226
Apr 05 2016 01: +0,,10.149,18316
Apr 06 2016 01: +0,,10.361,16016
Apr 07 2016 01: +0,,10.255,15378
Apr 08 2016 01: +0,,10.595,18896
Apr 09 2016 01: +0,,10.367,17867
Apr 10 2016 01: +0,,10.171,19353
Apr 11 2016 01: +0,,10.054,14893
Apr 12 2016 01: +0,,10.531,15710
Apr 13 2016 01: +0,,10.21,12794
Apr 14 2016 01: +0,,10.479,13758
Apr 15 2016 01: +0,,10.525,16213
Apr 16 2016 01: +0,,10.371,16593
Apr 17 2016 01: +0,,9.806,15349
Apr 18 2016 01: +0,,9.922,14315
Apr 19 2016 01: +0,,9.838,12728
Apr 20 2016 01: +0,,10.054,12068
Apr 21 2016 01: +0,,9.871,12199
Apr 22 2016 01: +0,,9.793,13117
Apr 23 2016 01: +0,,10.035,14327
Apr 24 2016 01: +0,,9.554,14513
Apr 25 2016 01: +0,,9.833,14732
Apr 26 2016 01: +0,,9.632,12411
Apr 27 2016 01: +0,,10.023,13897
Apr 28 2016 01: +0,,9.322,16057
Apr 29 2016 01: +0,,10.006,21522
Apr 30 2016 01: +0,,10.117,19004
May 01 2016 01: +0,,9.607,17104
May 02 2016 01: +0,,9.601,15186
May 03 2016 01: +0,,9.746,14049
May 04 2016 01: +0,,9.561,13919
May 05 2016 01: +0,,9.632,13807
May 06 2016 01: +0,,9.733,14507
May 07 2016 01: +0,,9.401,13891
May 08 2016 01: +0,,9.419,14464
May 09 2016 01: +0,,8.937,11487
May 10 2016 01: +0,,9.317,11325
May 11 2016 01: +0,,9.097,11791
May 12 2016 01: +0,,9.04,12076
May 13 2016 01: +0,,9.155,12517
May 14 2016 01: +0,,8.847,16113
May 15 2016 01: +0,,8.501,13517
May 16 2016 01: +0,,8.342,11219
May 17 2016 01: +0,,7.931,11483
May 18 2016 01: +0,,7.94,9425
May 19 2016 01: +0,,8.099,11074
May 20 2016 01: +0,,7.947,10710
May 21 2016 01: +0,,7.813,11363
May 22 2016 01: +0,,7.918,9524
May 23 2016 01: +0,,7.707,8301
May 24 2016 01: +0,,7.812,9624
May 25 2016 01: +0,,8.001,8915
May 26 2016 01: +0,,7.75,8086
May 27 2016 01: +0,,8.102,9935
May 28 2016 01: +0,,8.127,9739
May 29 2016 01: +0,,7.825,9321
May 30 2016 01: +0,,7.636,8891
May 31 2016 01: +0,,7.623,9064
Jun 01 2016 01: +0,,7.857,11297
Jun 02 2016 01: +0,,7.603,9897
Jun 03 2016 01: +0,,7.664,10500
Jun 04 2016 01: +0,,7.844,11180
Jun 05 2016 01: +0,,7.642,9767
Jun 06 2016 01: +0,,7.186,9285
Jun 07 2016 01: +0,,7.069,6872
Jun 08 2016 01: +0,,7.122,8491
Jun 09 2016 01: +0,,7.206,10351
Jun 10 2016 01: +0,,7.253,8911
Jun 11 2016 01: +0,,7.264,8744
Jun 12 2016 01: +0,,7.325,7792
Jun 13 2016 01: +0,,7.052,8123
Jun 14 2016 01: +0,,7.124,7618
Jun 15 2016 01: +0,,6.854,7864
Jun 16 2016 01: +0,,7.166,9262
Jun 17 2016 01: +0,,6.88,10687
Jun 18 2016 01: +0,,7.194,10039
Jun 19 2016 01: +0,,7.138,9364
Jun 20 2016 01: +0,,6.983,9156
Jun 21 2016 01: +0,,6.967,8533
Jun 22 2016 01: +0,,7.02,8658
Jun 23 2016 01: +0,,6.387,10035
Jun 24 2016 01: +0,,6.057,10393
Jun 25 2016 01: +0,,5.963,9294
Jun 26 2016 01: +0,,6.013,9112
Jun 27 2016 01: +0,,5.959,9201
Jun 28 2016 01: +0,,5.662,9363
Jun 29 2016 01: +0,,5.785,8021
Jun 30 2016 01: +0,,5.359,10321
Jul 01 2016 01: +0,,5.833,9284
Jul 02 2016 01: +0,,5.91,8430
Jul 03 2016 01: +0,,5.449,7254
Jul 04 2016 01: +0,,5.27,8884
Jul 05 2016 01: +0,,5.569,7458
Jul 06 2016 01: +0,,5.706,7007
Jul 07 2016 01: +0,,5.746,6885
Jul 08 2016 01: +0,,5.898,7394
Jul 09 2016 01: +0,,5.822,8424
Jul 10 2016 01: +0,,5.552,9325
Jul 11 2016 01: +0,,5.976,7736
Jul 12 2016 01: +0,,6.028,7498
Jul 13 2016 01: +0,,6.107,7031
Jul 14 2016 01: +0,,5.779,7856
Jul 15 2016 01: +0,,6.235,8819
Jul 16 2016 01: +0,,6.68,11006
Jul 17 2016 01: +0,,6.799,6365
Jul 18 2016 01: +0,,6.607,6042
Jul 19 2016 01: +0,,6.225,6017
Jul 20 2016 01: +0,,6.025,5878
Jul 21 2016 01: +0,,6.388,5275
Jul 22 2016 01: +0,,6.373,5288
Jul 23 2016 01: +0,,6.402,5493
Jul 24 2016 01: +0,,6.49,7528
Jul 25 2016 01: +0,,6.743,6146
Jul 26 2016 01: +0,,6.738,5969
Jul 27 2016 01: +0,,6.363,6910
Jul 28 2016 01: +0,,6.537,14750
Jul 29 2016 01: +0,,6.591,7234
Jul 30 2016 01: +0,,6.454,6518
Jul 31 2016 01: +0,,6.786,6051
Aug 01 2016 01: +0,,6.604,7636
Aug 02 2016 01: +0,,6.818,5830
Aug 03 2016 01: +0,,6.746,5850
Aug 04 2016 01: +0,,6.959,6271
Aug 05 2016 01: +0,,6.955,5150
Aug 06 2016 01: +0,,6.673,6066
Aug 07 2016 01: +0,,6.513,5917
Aug 08 2016 01: +0,,6.321,7129
Aug 09 2016 01: +0,,6.404,6662
Aug 10 2016 01: +0,,6.187,6887
Aug 11 2016 01: +0,,6.321,5871
Aug 12 2016 01: +0,,6.386,5426
Aug 13 2016 01: +0,,6.662,5923
Aug 14 2016 01: +0,,6.221,5865
Aug 15 2016 01: +0,,6.296,5051
Aug 16 2016 01: +0,,6.257,5333
Aug 17 2016 01: +0,,6.042,4981
Aug 18 2016 01: +0,,5.909,4764
Aug 19 2016 01: +0,,5.622,6398
Aug 20 2016 01: +0,,5.726,7513
Aug 21 2016 01: +0,,5.852,5927
Aug 22 2016 01: +0,,5.401,5973
Aug 23 2016 01: +0,,5.503,5509
Aug 24 2016 01: +0,,5.6,5808
Aug 25 2016 01: +0,,5.646,6889
Aug 26 2016 01: +0,,5.538,5994
Aug 27 2016 01: +0,,5.75,5790
Aug 28 2016 01: +0,,5.469,6845
Aug 29 2016 01: +0,,5.289,6430
Aug 30 2016 01: +0,,5.406,5840
Aug 31 2016 01: +0,,5.277,4991
Sep 01 2016 01: +0,,5.286,6084
Sep 02 2016 01: +0,,5.099,5928
Sep 03 2016 01: +0,,5.19,7782
Sep 04 2016 01: +0,,5.1,5854
Sep 05 2016 01: +0,,5.175,5752
Sep 06 2016 01: +0,,5.203,5658
Sep 07 2016 01: +0,,4.818,4987
Sep 08 2016 01: +0,,4.634,4770
Sep 09 2016 01: +0,,5.019,5231
Sep 10 2016 01: +0,,5.078,6470
Sep 11 2016 01: +0,,4.637,5884
Sep 12 2016 01: +0,,4.576,5061
Sep 13 2016 01: +0,,4.743,4248
Sep 14 2016 01: +0,,4.55,4192
Sep 15 2016 01: +0,,4.756,4636
Sep 16 2016 01: +0,,4.994,4945
Sep 17 2016 01: +0,,4.652,5309
Sep 18 2016 01: +0,,4.612,5428
Sep 19 2016 01: +0,,4.691,4844
Sep 20 2016 01: +0,,4.533,7649
Sep 21 2016 01: +0,,4.562,6343
Sep 22 2016 01: +0,,4.386,5453
Sep 23 2016 01: +0,,4.825,5957
Sep 24 2016 01: +0,,4.871,5373
Sep 25 2016 01: +0,,4.492,6440
Sep 26 2016 01: +0,,4.67,5363
Sep 27 2016 01: +0,,4.717,4787
Sep 28 2016 01: +0,,4.748,4333
Sep 29 2016 01: +0,,4.775,7316
Sep 30 2016 01: +0,,4.744,5310
Oct 01 2016 01: +0,,4.947,4969
Oct 02 2016 01: +0,,4.585,5383
Oct 03 2016 01: +0,,4.68,4395
Oct 04 2016 01: +0,,4.533,4940
Oct 05 2016 01: +0,,4.87,3541
Oct 06 2016 01: +0,,4.147,4227
Oct 07 2016 01: +0,,4.527,5411
Oct 08 2016 01: +0,,4.666,5124
Oct 09 2016 01: +0,,4.773,5103
Oct 10 2016 01: +0,,4.568,4143
Oct 11 2016 01: +0,,5.077,3767
Oct 12 2016 01: +0,,4.673,3443
Oct 13 2016 01: +0,,4.892,3365
Oct 14 2016 01: +0,,4.477,3940
Oct 15 2016 01: +0,,4.891,4202
Oct 16 2016 01: +0,,4.656,4762
Oct 17 2016 01: +0,,4.562,3912
Oct 18 2016 01: +0,,4.843,4668
Oct 19 2016 01: +0,,4.216,7793
Oct 20 2016 01: +0,,4.995,23657
Oct 21 2016 01: +0,,5.88,18807
Oct 22 2016 01: +0,,7.009,23371
Oct 23 2016 01: +0,,7.818,20286
Oct 24 2016 01: +0,,6.541,8208
Oct 25 2016 01: +0,,7.364,14927
Oct 26 2016 01: +0,,8.172,9887
Oct 27 2016 01: +0,,8.196,12721
Oct 28 2016 01: +0,,7.846,12523
Oct 29 2016 01: +0,,7.335,13929
Oct 30 2016 01: +0,,7.209,18045
Oct 31 2016 01: +0,,7.145,20815
Nov 01 2016 01: +0,,10.151,71990
Nov 02 2016 01: +0,,8.717,26259
Nov 03 2016 01: +0,,10.559,25449
Nov 04 2016 01: +0,,10.79,24590
Nov 05 2016 01: +0,,10.422,25940
Nov 06 2016 01: +0,,9.918,18627
Nov 07 2016 01: +0,,8.417,35374
Nov 08 2016 01: +0,,7.535,28740
Nov 09 2016 01: +0,,8.757,58973
Nov 10 2016 01: +0,,10.833,33962
Nov 11 2016 01: +0,,10.702,50746
Nov 12 2016 01: +0,,12.917,58485
Nov 13 2016 01: +0,,13.185,33664
Nov 14 2016 01: +0,,13.197,27115
Nov 15 2016 01: +0,,12.438,22283
Nov 16 2016 01: +0,,12.205,15468
Nov 17 2016 01: +0,,11.156,17325
Nov 18 2016 01: +0,,10.157,12874
Nov 19 2016 01: +0,,9.173,14378
Nov 20 2016 01: +0,,8.82,13131
Nov 21 2016 01: +0,,9.128,7491
Nov 22 2016 01: +0,,9.243,9980
Nov 23 2016 01: +0,,8.109,9144
Nov 24 2016 01: +0,,7.168,14016
Nov 25 2016 01: +0,,7.287,10051
Nov 26 2016 01: +0,,7.768,11623
Nov 27 2016 01: +0,,7.857,10331
Nov 28 2016 01: +0,,7.57,10369
Nov 29 2016 01: +0,,8.092,10625
Nov 30 2016 01: +0,,8.012,7800
Dec 01 2016 01: +0,,8.332,9934
Dec 02 2016 01: +0,,8.629,7965
Dec 03 2016 01: +0,,8.275,7641
Dec 04 2016 01: +0,,8.006,9857
Dec 05 2016 01: +0,,7.996,8119
Dec 06 2016 01: +0,,7.704,5870
Dec 07 2016 01: +0,,7.56,7521
Dec 08 2016 01: +0,,7.513,6026
Dec 09 2016 01: +0,,7.919,5377
Dec 10 2016 01: +0,,7.427,5919
Dec 11 2016 01: +0,,7.898,7378
Dec 12 2016 01: +0,,7.593,5580
Dec 13 2016 01: +0,,7.689,13220
Dec 14 2016 01: +0,,7.208,5908
Dec 15 2016 01: +0,,7.139,6082
Dec 16 2016 01: +0,,6.88,7110
Dec 17 2016 01: +0,,6.847,7214
Dec 18 2016 01: +0,,6.332,10324
Dec 19 2016 01: +0,,6.483,6791
Dec 20 2016 01: +0,,6.544,5749
Dec 21 2016 01: +0,,6.28,5396
Dec 22 2016 01: +0,,5.884,6554
Dec 23 2016 01: +0,,5.274,6823
Dec 24 2016 01: +0,,5.407,7959
Dec 25 2016 01: +0,,5.869,9294
Dec 26 2016 01: +0,,6.33,7099
Dec 27 2016 01: +0,,6.118,7676
Dec 28 2016 01: +0,,5.596,7000
Dec 29 2016 01: +0,,5.901,8559
Dec 30 2016 01: +0,,6.678,7481
Dec 31 2016 01: +0,,6.964,12545
Jan 01 2017 01: +0,,7.213,10424
Jan 02 2017 01: +0,,7.124,11865
Jan 03 2017 01: +0,,7.886,7369
Jan 04 2017 01: +0,,7.507,6607
Jan 05 2017 01: +0,,7.251,5703
Jan 06 2017 01: +0,,7.238,6492
Jan 07 2017 01: +0,,7.705,8159
Jan 08 2017 01: +0,,7.544,7258
Jan 09 2017 01: +0,,6.976,7506
Jan 10 2017 01: +0,,7.356,6426
Jan 11 2017 01: +0,,7.382,8204
Jan 12 2017 01: +0,,7.001,5642
Jan 13 2017 01: +0,,7.261,6182
Jan 14 2017 01: +0,,6.973,7085
Jan 15 2017 01: +0,,6.532,7052
Jan 16 2017 01: +0,,6.888,6353
Jan 17 2017 01: +0,,7.003,5833
Jan 18 2017 01: +0,,6.848,4842
Jan 19 2017 01: +0,,6.604,5655
Jan 20 2017 01: +0,,6.507,5254
Jan 21 2017 01: +0,,6.528,5861
Jan 22 2017 01: +0,,6.464,6972
Jan 23 2017 01: +0,,6.182,6234
Jan 24 2017 01: +0,,6.117,6191
Jan 25 2017 01: +0,,6.093,5096
Jan 26 2017 01: +0,,5.926,5812
Jan 27 2017 01: +0,,5.599,6329
Jan 28 2017 01: +0,,6.189,6162
Jan 29 2017 01: +0,,5.754,7262
Jan 30 2017 01: +0,,6.009,6413
Jan 31 2017 01: +0,,6.244,5579
Feb 01 2017 01: +0,,6.23,4890
Feb 02 2017 01: +0,,6.595,5376
Feb 03 2017 01: +0,,6.599,6206
Feb 04 2017 01: +0,,6.936,6178
Feb 05 2017 01: +0,,6.398,6379
Feb 06 2017 01: +0,,6.2,5006
Feb 07 2017 01: +0,,6.67,5104
Feb 08 2017 01: +0,,6.47,4819
Feb 09 2017 01: +0,,6.526,5060
Feb 10 2017 01: +0,,6.096,6924
Feb 11 2017 01: +0,,5.812,7837
Feb 12 2017 01: +0,,5.757,5351
Feb 13 2017 01: +0,,5.878,5143
Feb 14 2017 01: +0,,6.019,4844
Feb 15 2017 01: +0,,5.798,4476
Feb 16 2017 01: +0,,5.687,6238
Feb 17 2017 01: +0,,5.631,4939
Feb 18 2017 01: +0,,5.546,6508
Feb 19 2017 01: +0,,5.733,5747
Feb 20 2017 01: +0,,5.747,6059
Feb 21 2017 01: +0,,5.67,5554
Feb 22 2017 01: +0,,6.01,6422
Feb 23 2017 01: +0,,5.803,5867
Feb 24 2017 01: +0,,5.875,6142
Feb 25 2017 01: +0,,5.689,7634
Feb 26 2017 01: +0,,6.008,11958
Feb 27 2017 01: +0,,6.51,19558
Feb 28 2017 01: +0,,7.622,12382
Mar 01 2017 01: +0,,8.468,15315
Mar 02 2017 01: +0,,8.952,10370
Mar 03 2017 01: +0,,8.593,8197
Mar 04 2017 01: +0,,8.724,7346
Mar 05 2017 01: +0,,8.323,6823
Mar 06 2017 01: +0,,7.949,4798
Mar 07 2017 01: +0,,8.094,5033
Mar 08 2017 01: +0,,7.994,4568
Mar 09 2017 01: +0,,7.348,4061
Mar 10 2017 01: +0,,7.802,6716
Mar 11 2017 01: +0,,7.758,7385
Mar 12 2017 01: +0,,7.67,4749
Mar 13 2017 01: +0,,7.662,4670
Mar 14 2017 01: +0,,7.666,4643
Mar 15 2017 01: +0,,7.516,4497
Mar 16 2017 01: +0,,7.667,4787
Mar 17 2017 01: +0,,8.075,5483
Mar 18 2017 01: +0,,7.939,7189
Mar 19 2017 01: +0,,7.503,7097
Mar 20 2017 01: +0,,6.719,7575
Mar 21 2017 01: +0,,7.195,5683
Mar 22 2017 01: +0,,7.166,7558
Mar 23 2017 01: +0,,7.431,5876
Mar 24 2017 01: +0,,7.02,6940
Mar 25 2017 01: +0,,7.439,6527
Mar 26 2017 01: +0,,7.178,5976
Mar 27 2017 01: +0,,6.779,6682
Mar 28 2017 01: +0,,7.079,6269
Mar 29 2017 01: +0,,7.099,5144
Mar 30 2017 01: +0,,7.212,6083
Mar 31 2017 01: +0,,6.953,6133
Apr 01 2017 01: +0,,7.091,7150
Apr 02 2017 01: +0,,6.893,6059
Apr 03 2017 01: +0,,6.252,5653
Apr 04 2017 01: +0,,6.861,4856
Apr 05 2017 01: +0,,6.654,4524
Apr 06 2017 01: +0,,6.718,5381
Apr 07 2017 01: +0,,6.866,4489
Apr 08 2017 01: +0,,6.9,5281
Apr 09 2017 01: +0,,6.893,4565
Apr 10 2017 01: +0,,7.02,5285
Apr 11 2017 01: +0,,7.082,4278
Apr 12 2017 01: +0,,6.903,4662
Apr 13 2017 01: +0,,7.037,5236
Apr 14 2017 01: +0,,6.636,4865
Apr 15 2017 01: +0,,6.359,5131
Apr 16 2017 01: +0,,6.365,5474
Apr 17 2017 01: +0,,6.28,5691
Apr 18 2017 01: +0,,6.016,5251
Apr 19 2017 01: +0,,6.009,4887
Apr 20 2017 01: +0,,5.954,5078
Apr 21 2017 01: +0,,6.348,5339
Apr 22 2017 01: +0,,6.418,5703
Apr 23 2017 01: +0,,6.251,5561
Apr 24 2017 01: +0,,6.079,5053
Apr 25 2017 01: +0,,5.868,5537
Apr 26 2017 01: +0,,6.195,4734
Apr 27 2017 01: +0,,6.318,4501
Apr 28 2017 01: +0,,6.39,5600
Apr 29 2017 01: +0,,6.168,6138
Apr 30 2017 01: +0,,6.233,5473
May 01 2017 01: +0,,6.05,5707
May 02 2017 01: +0,,6.056,4352
May 03 2017 01: +0,,6.116,4813
May 04 2017 01: +0,,6.095,4129
May 05 2017 01: +0,,5.993,5179
May 06 2017 01: +0,,5.76,5510
May 07 2017 01: +0,,5.886,5481
May 08 2017 01: +0,,5.751,4075
May 09 2017 01: +0,,5.589,4402
May 10 2017 01: +0,,5.625,4522
May 11 2017 01: +0,,5.63,5485
May 12 2017 01: +0,,5.815,4350
May 13 2017 01: +0,,5.953,5687
May 14 2017 01: +0,,5.839,5108
May 15 2017 01: +0,,5.925,6031
May 16 2017 01: +0,,6.027,4296
May 17 2017 01: +0,,5.891,4432
May 18 2017 01: +0,,6.167,4255
May 19 2017 01: +0,,6.017,4117
May 20 2017 01: +0,,6.105,5814
May 21 2017 01: +0,,5.895,5099
May 22 2017 01: +0,,5.898,4885
May 23 2017 01: +0,,6.005,3803
May 24 2017 01: +0,,4.997,7180
May 25 2017 01: +0,,5.25,5179
May 26 2017 01: +0,,5.312,4865
May 27 2017 01: +0,,5.548,3958
May 28 2017 01: +0,,5.445,5202
May 29 2017 01: +0,,5.285,4351
May 30 2017 01: +0,,5.58,4055
May 31 2017 01: +0,,5.931,6579
Jun 01 2017 01: +0,,5.726,4824
Jun 02 2017 01: +0,,6.024,6262
Jun 03 2017 01: +0,,6.187,4790
Jun 04 2017 01: +0,,5.99,4205
Jun 05 2017 01: +0,,6.126,4766
Jun 06 2017 01: +0,,6.562,3964
Jun 07 2017 01: +0,,6.342,3325
Jun 08 2017 01: +0,,6.057,4386
Jun 09 2017 01: +0,,6.175,3607
Jun 10 2017 01: +0,,5.882,6413
Jun 11 2017 01: +0,,6.306,3944
Jun 12 2017 01: +0,,6.106,5056
Jun 13 2017 01: +0,,6.204,5440
Jun 14 2017 01: +0,,5.774,3785
Jun 15 2017 01: +0,,5.427,11578
Jun 16 2017 01: +0,,6.113,4569
Jun 17 2017 01: +0,,5.345,3766
Jun 18 2017 01: +0,,5.444,3781
Jun 19 2017 01: +0,,5.239,3763
Jun 20 2017 01: +0,,5.293,3311
Jun 21 2017 01: +0,,5.294,3165
Jun 22 2017 01: +0,,4.787,4175
Jun 23 2017 01: +0,,4.281,8446
Jun 24 2017 01: +0,,4.788,4088
Jun 25 2017 01: +0,,4.717,4085
Jun 26 2017 01: +0,,4.646,4315
Jun 27 2017 01: +0,,4.918,3419
Jun 28 2017 01: +0,,4.558,3466
Jun 29 2017 01: +0,,4.696,4306
Jun 30 2017 01: +0,,5.284,4375
Jul 01 2017 01: +0,,5.047,4400
Jul 02 2017 01: +0,,4.593,3495
Jul 03 2017 01: +0,,4.643,3404
Jul 04 2017 01: +0,,4.431,4211
Jul 05 2017 01: +0,,4.335,3557
Jul 06 2017 01: +0,,4.879,4079
Jul 07 2017 01: +0,,5.358,3652
Jul 08 2017 01: +0,,5.021,3521
Jul 09 2017 01: +0,,5.014,3179
Jul 10 2017 01: +0,,4.692,4908
Jul 11 2017 01: +0,,5.225,3742
Jul 12 2017 01: +0,,5.003,3240
Jul 13 2017 01: +0,,5.117,2740
Jul 14 2017 01: +0,,5.383,3257
Jul 15 2017 01: +0,,5.26,3865
Jul 16 2017 01: +0,,4.777,3843
Jul 17 2017 01: +0,,5.404,3999
Jul 18 2017 01: +0,,5.478,3985
Jul 19 2017 01: +0,,5.151,3679
Jul 20 2017 01: +0,,5.138,4292
Jul 21 2017 01: +0,,5.105,4537
Jul 22 2017 01: +0,,5.29,4135
Jul 23 2017 01: +0,,4.622,5917
Jul 24 2017 01: +0,,4.703,4252
Jul 25 2017 01: +0,,5.038,4120
Jul 26 2017 01: +0,,5.072,3748
Jul 27 2017 01: +0,,5.246,4666
Jul 28 2017 01: +0,,5.433,3543
Jul 29 2017 01: +0,,4.931,4434
Jul 30 2017 01: +0,,5.286,4064
Jul 31 2017 01: +0,,5.455,3687
Aug 01 2017 01: +0,,5.66,4422
Aug 02 2017 01: +0,,5.526,5291
Aug 03 2017 01: +0,,5.444,4347
Aug 04 2017 01: +0,,5.707,4592
Aug 05 2017 01: +0,,5.749,4610
Aug 06 2017 01: +0,,5.557,4201
Aug 07 2017 01: +0,,4.817,5550
Aug 08 2017 01: +0,,5.09,3951
Aug 09 2017 01: +0,,4.933,4093
Aug 10 2017 01: +0,,4.55,4615
Aug 11 2017 01: +0,,4.682,3592
Aug 12 2017 01: +0,,5.075,3449
Aug 13 2017 01: +0,,4.803,3668
Aug 14 2017 01: +0,,4.946,5233
Aug 15 2017 01: +0,,5.184,3785
Aug 16 2017 01: +0,,4.761,2811
Aug 17 2017 01: +0,,4.943,3209
Aug 18 2017 01: +0,,4.727,4054
Aug 19 2017 01: +0,,4.627,3977
Aug 20 2017 01: +0,,4.788,4511
Aug 21 2017 01: +0,,4.79,3008
Aug 22 2017 01: +0,,4.764,3896
Aug 23 2017 01: +0,,4.879,3005
Aug 24 2017 01: +0,,4.173,3501
Aug 25 2017 01: +0,,4.504,4218
Aug 26 2017 01: +0,,4.577,3670
Aug 27 2017 01: +0,,4.325,3820
Aug 28 2017 01: +0,,4.151,3610
Aug 29 2017 01: +0,,3.987,3734
Aug 30 2017 01: +0,,3.928,3380
Aug 31 2017 01: +0,,4.51,2887
Sep 01 2017 01: +0,,4.662,3713
Sep 02 2017 01: +0,,4.698,2771
Sep 03 2017 01: +0,,4.467,3133
Sep 04 2017 01: +0,,4.38,3231
Sep 05 2017 01: +0,,4.604,3404
Sep 06 2017 01: +0,,4.778,3382
Sep 07 2017 01: +0,,5.028,2716
Sep 08 2017 01: +0,,4.745,4021
Sep 09 2017 01: +0,,5.093,3260
Sep 10 2017 01: +0,,5.069,3152
Sep 11 2017 01: +0,,5.01,3512
Sep 12 2017 01: +0,,4.681,2715
Sep 13 2017 01: +0,,4.87,3196
Sep 14 2017 01: +0,,4.244,4447
Sep 15 2017 01: +0,,4.634,4083
Sep 16 2017 01: +0,,4.564,6744
Sep 17 2017 01: +0,,4.69,5267
Sep 18 2017 01: +0,,4.533,4104
Sep 19 2017 01: +0,,4.788,2713
Sep 20 2017 01: +0,,4.665,2513
Sep 21 2017 01: +0,,4.576,2716
Sep 22 2017 01: +0,,4.33,4307
Sep 23 2017 01: +0,,4.329,5139
Sep 24 2017 01: +0,,4.656,4637
Sep 25 2017 01: +0,,4.441,3523
Sep 26 2017 01: +0,,4.653,2773
Sep 27 2017 01: +0,,4.651,3243
Sep 28 2017 01: +0,,4.162,2672
Sep 29 2017 01: +0,,4.556,3187
Sep 30 2017 01: +0,,4.608,3397
Oct 01 2017 01: +0,,4.36,3583
Oct 02 2017 01: +0,,3.82,3554
Oct 03 2017 01: +0,,3.866,3053
Oct 04 2017 01: +0,,4.239,3436
Oct 05 2017 01: +0,,4.85,2952
Oct 06 2017 01: +0,,4.944,4622
Oct 07 2017 01: +0,,4.778,3623
Oct 08 2017 01: +0,,4.928,2516
Oct 09 2017 01: +0,,4.883,3393
Oct 10 2017 01: +0,,4.403,3196
Oct 11 2017 01: +0,,4.602,3005
Oct 12 2017 01: +0,,4.501,2689
Oct 13 2017 01: +0,,5.195,3487
Oct 14 2017 01: +0,,4.933,3330
Oct 15 2017 01: +0,,4.648,3308
Oct 16 2017 01: +0,,4.248,2470
Oct 17 2017 01: +0,,4.265,2347
Oct 18 2017 01: +0,,4.119,2575
Oct 19 2017 01: +0,,4.906,2725
Oct 20 2017 01: +0,,4.779,2726
Oct 21 2017 01: +0,,4.507,3042
Oct 22 2017 01: +0,,4.329,2779
Oct 23 2017 01: +0,,4.548,2741
Oct 24 2017 01: +0,,4.445,2295
Oct 25 2017 01: +0,,4.037,2925
Oct 26 2017 01: +0,,4.617,2755
Oct 27 2017 01: +0,,4.323,2699
Oct 28 2017 01: +0,,3.96,4418
Oct 29 2017 01: +0,,3.949,2964
Oct 30 2017 01: +0,,3.733,3199
Oct 31 2017 01: +0,,4.06,17841
Nov 01 2017 01: +0,,4.187,8093
Nov 02 2017 01: +0,,4.483,4061
Nov 03 2017 01: +0,,4.038,3135
Nov 04 2017 01: +0,,4.023,2634
Nov 05 2017 01: +0,,4.214,3052
Nov 06 2017 01: +0,,3.974,2182
Nov 07 2017 01: +0,,3.625,2746
Nov 08 2017 01: +0,,4.046,2101
Nov 09 2017 01: +0,,4.006,2534
Nov 10 2017 01: +0,,4.138,3419
Nov 11 2017 01: +0,,4.455,2501
Nov 12 2017 01: +0,,4.187,2794
Nov 13 2017 01: +0,,4.114,2945
Nov 14 2017 01: +0,,3.383,2452
Nov 15 2017 01: +0,,3.884,2614
Nov 16 2017 01: +0,,3.939,2100
Nov 17 2017 01: +0,,4.028,1970
Nov 18 2017 01: +0,,4.301,2512
Nov 19 2017 01: +0,,3.633,3722
Nov 20 2017 01: +0,,3.8,2780
Nov 21 2017 01: +0,,4.044,2253
Nov 22 2017 01: +0,,3.964,1725
Nov 23 2017 01: +0,,3.408,2569
Nov 24 2017 01: +0,,3.726,2343
Nov 25 2017 01: +0,,3.87,2461
Nov 26 2017 01: +0,,3.704,3216
Nov 27 2017 01: +0,,3.666,1885
Nov 28 2017 01: +0,,4.22,1852
Nov 29 2017 01: +0,,4.033,3217
Nov 30 2017 01: +0,,3.993,2767
Dec 01 2017 01: +0,,4.473,2599
Dec 02 2017 01: +0,,4.372,3852
Dec 03 2017 01: +0,,4.166,2648
Dec 04 2017 01: +0,,4.279,3189
Dec 05 2017 01: +0,,4.807,2477
Dec 06 2017 01: +0,,5.105,2724
Dec 07 2017 01: +0,,4.312,2992
Dec 08 2017 01: +0,,4.224,3053
Dec 09 2017 01: +0,,4.03,2555
Dec 10 2017 01: +0,,4.056,2808
Dec 11 2017 01: +0,,4.128,2135
Dec 12 2017 01: +0,,3.873,2312
Dec 13 2017 01: +0,,4.131,2175
Dec 14 2017 01: +0,,3.627,3366
Dec 15 2017 01: +0,,4.066,2643
Dec 16 2017 01: +0,,3.766,4502
Dec 17 2017 01: +0,,3.855,2875
Dec 18 2017 01: +0,,3.785,4240
Dec 19 2017 01: +0,,3.46,4318
Dec 20 2017 01: +0,,3.825,2841
Dec 21 2017 01: +0,,3.411,2813
Dec 22 2017 01: +0,,3.284,2981
Dec 23 2017 01: +0,,3.934,3846
Dec 24 2017 01: +0,,3.602,4078
Dec 25 2017 01: +0,,4.361,4132
Dec 26 2017 01: +0,,4.356,4383
Dec 27 2017 01: +0,,4.246,3347
Dec 28 2017 01: +0,,3.856,3658
Dec 29 2017 01: +0,,4.562,4781
Dec 30 2017 01: +0,,4.186,3543
Dec 31 2017 01: +0,,4.375,3022
Jan 01 2018 01: +0,,4.448,2884
Jan 02 2018 01: +0,,4.202,2629
Jan 03 2018 01: +0,,4.608,4345
Jan 04 2018 01: +0,,4.48,4028
Jan 05 2018 01: +0,,4.74,3926
Jan 06 2018 01: +0,,4.387,4604
Jan 07 2018 01: +0,,4.966,3563
Jan 08 2018 01: +0,,4.035,4489
Jan 09 2018 01: +0,,4.051,4165
Jan 10 2018 01: +0,,3.966,3897
Jan 11 2018 01: +0,,4.45,3326
Jan 12 2018 01: +0,,4.361,3293
Jan 13 2018 01: +0,,4.445,4219
Jan 14 2018 01: +0,,4.337,4176
Jan 15 2018 01: +0,,4.213,3276
Jan 16 2018 01: +0,,4.311,2935
Jan 17 2018 01: +0,,4.339,3585
Jan 18 2018 01: +0,,3.967,2670
Jan 19 2018 01: +0,,4.395,3545
Jan 20 2018 01: +0,,4.697,3173
Jan 21 2018 01: +0,,4.209,3313
Jan 22 2018 01: +0,,3.806,3816
Jan 23 2018 01: +0,,3.808,3695
Jan 24 2018 01: +0,,4.467,3475
Jan 25 2018 01: +0,,4.363,2830
Jan 26 2018 01: +0,,4.437,3124
Jan 27 2018 01: +0,,4.06,4717
Jan 28 2018 01: +0,,4.21,4169
Jan 29 2018 01: +0,,3.979,3697
Jan 30 2018 01: +0,,4.235,3617
Jan 31 2018 01: +0,,4.505,2966
Feb 01 2018 01: +0,,4.463,3231
Feb 02 2018 01: +0,,4.492,3425
Feb 03 2018 01: +0,,3.554,7116
Feb 04 2018 01: +0,,4.143,3240
Feb 05 2018 01: +0,,4.218,2972
Feb 06 2018 01: +0,,4.53,3648
Feb 07 2018 01: +0,,4.0,2978
Feb 08 2018 01: +0,,4.329,2722
Feb 09 2018 01: +0,,4.455,3379
Feb 10 2018 01: +0,,4.359,3523
Feb 11 2018 01: +0,,4.662,3215
Feb 12 2018 01: +0,,4.574,2918
Feb 13 2018 01: +0,,4.364,2807
Feb 14 2018 01: +0,,4.737,2734
Feb 15 2018 01: +0,,4.413,2884
Feb 16 2018 01: +0,,4.455,4042
Feb 17 2018 01: +0,,4.413,3394
Feb 18 2018 01: +0,,4.405,3589
Feb 19 2018 01: +0,,4.668,3359
Feb 20 2018 01: +0,,4.488,3373
Feb 21 2018 01: +0,,4.567,3380
Feb 22 2018 01: +0,,4.443,2996
Feb 23 2018 01: +0,,4.423,4151
Feb 24 2018 01: +0,,4.968,4487
Feb 25 2018 01: +0,,4.979,3961
Feb 26 2018 01: +0,,4.912,3831
Feb 27 2018 01: +0,,4.947,3408
Feb 28 2018 01: +0,,4.263,6690
Mar 01 2018 01: +0,,4.161,5057
Mar 02 2018 01: +0,,4.83,3739
Mar 03 2018 01: +0,,4.335,4016
Mar 04 2018 01: +0,,4.335,3307
Mar 05 2018 01: +0,,3.863,3715
Mar 06 2018 01: +0,,4.404,3552
Mar 07 2018 01: +0,,4.722,3148
Mar 08 2018 01: +0,,4.497,3277
Mar 09 2018 01: +0,,4.509,3068
Mar 10 2018 01: +0,,4.108,4004
Mar 11 2018 01: +0,,4.32,6577
Mar 12 2018 01: +0,,4.139,3423
Mar 13 2018 01: +0,,3.944,3952
Mar 14 2018 01: +0,,4.134,4185
Mar 15 2018 01: +0,,4.292,3354
Mar 16 2018 01: +0,,4.268,3493
Mar 17 2018 01: +0,,4.196,5012
Mar 18 2018 01: +0,,4.012,4929
Mar 19 2018 01: +0,,4.181,3602
Mar 20 2018 01: +0,,3.825,3856
Mar 21 2018 01: +0,,3.807,5470
Mar 22 2018 01: +0,,3.76,2152
Mar 23 2018 01: +0,,4.189,4053
Mar 24 2018 01: +0,,4.38,3138
Mar 25 2018 01: +0,,3.983,3490
Mar 26 2018 01: +0,,4.086,2376
Mar 27 2018 01: +0,,4.156,2782
Mar 28 2018 01: +0,,4.268,3254
Mar 29 2018 01: +0,,4.746,2111
Mar 30 2018 01: +0,,3.906,3698
Mar 31 2018 01: +0,,4.146,3543
Apr 01 2018 01: +0,,4.644,3138
Apr 02 2018 01: +0,,4.487,2345
Apr 03 2018 01: +0,,4.381,3483
Apr 04 2018 01: +0,,3.89,5190
Apr 05 2018 01: +0,,4.58,3450
Apr 06 2018 01: +0,,4.253,3329
Apr 07 2018 01: +0,,4.687,2043
Apr 08 2018 01: +0,,4.222,3650
Apr 09 2018 01: +0,,4.179,2807
Apr 10 2018 01: +0,,4.579,3202
Apr 11 2018 01: +0,,4.223,3688
Apr 12 2018 01: +0,,4.321,3442
Apr 13 2018 01: +0,,4.825,2035
Apr 14 2018 01: +0,,4.77,3110
Apr 15 2018 01: +0,,3.987,3626
Apr 16 2018 01: +0,,5.058,2572
Apr 17 2018 01: +0,,4.579,1675
Apr 18 2018 01: +0,,4.372,5432
Apr 19 2018 01: +0,,4.112,2564
Apr 20 2018 01: +0,,4.059,2769
Apr 21 2018 01: +0,,4.654,2764
Apr 22 2018 01: +0,,4.658,1842
Apr 23 2018 01: +0,,4.713,1811
Apr 24 2018 01: +0,,4.83,2243
Apr 25 2018 01: +0,,4.795,2069
Apr 26 2018 01: +0,,4.871,2109
Apr 27 2018 01: +0,,5.113,2840
Apr 28 2018 01: +0,,4.373,5712
Apr 29 2018 01: +0,,4.203,2785
Apr 30 2018 01: +0,,4.557,2093
May 01 2018 01: +0,,4.502,2156
May 02 2018 01: +0,,4.697,1759
May 03 2018 01: +0,,5.024,2500
May 04 2018 01: +0,,5.219,3220
May 05 2018 01: +0,,4.491,2626
May 06 2018 01: +0,,4.615,2447
May 07 2018 01: +0,,4.893,2158
May 08 2018 01: +0,,4.521,2074
May 09 2018 01: +0,,4.523,2967
May 10 2018 01: +0,,4.492,2483
May 11 2018 01: +0,,4.665,2178
May 12 2018 01: +0,,4.885,2321
May 13 2018 01: +0,,4.947,2436
May 14 2018 01: +0,,4.873,2412
May 15 2018 01: +0,,5.037,1836
May 16 2018 01: +0,,4.899,1805
May 17 2018 01: +0,,4.811,1596
May 18 2018 01: +0,,4.811,2452
May 19 2018 01: +0,,5.003,2126
May 20 2018 01: +0,,5.15,2092
May 21 2018 01: +0,,5.383,2396
May 22 2018 01: +0,,5.875,2374
May 23 2018 01: +0,,5.278,2113
May 24 2018 01: +0,,5.468,2308
May 25 2018 01: +0,,5.645,2597
May 26 2018 01: +0,,5.498,11833
May 27 2018 01: +0,,5.865,13877
May 28 2018 01: +0,,6.944,2873
May 29 2018 01: +0,,7.252,4732
May 30 2018 01: +0,,7.282,1612
May 31 2018 01: +0,,7.335,2285
Jun 01 2018 01: +0,,7.288,2587
Jun 02 2018 01: +0,,8.534,2970
Jun 03 2018 01: +0,,8.694,2811
Jun 04 2018 01: +0,,8.6,2237
Jun 05 2018 01: +0,,8.665,2714
Jun 06 2018 01: +0,,8.332,2198
Jun 07 2018 01: +0,,8.091,2249
Jun 08 2018 01: +0,,7.755,2013
Jun 09 2018 01: +0,,8.048,1880
Jun 10 2018 01: +0,,7.587,2492
Jun 11 2018 01: +0,,7.208,2490
Jun 12 2018 01: +0,,6.947,1979
Jun 13 2018 01: +0,,6.718,1803
Jun 14 2018 01: +0,,6.565,1591
Jun 15 2018 01: +0,,6.115,2729
Jun 16 2018 01: +0,,6.534,2023
Jun 17 2018 01: +0,,5.88,1518
Jun 18 2018 01: +0,,6.246,2025
Jun 19 2018 01: +0,,6.437,1451
Jun 20 2018 01: +0,,5.568,1970
Jun 21 2018 01: +0,,5.97,2461
Jun 22 2018 01: +0,,4.92,2252
Jun 23 2018 01: +0,,5.25,2368
Jun 24 2018 01: +0,,5.183,1502
Jun 25 2018 01: +0,,4.595,1930
Jun 26 2018 01: +0,,4.842,1515
Jun 27 2018 01: +0,,5.325,1863
Jun 28 2018 01: +0,,5.224,1588
Jun 29 2018 01: +0,,5.356,2155
Jun 30 2018 01: +0,,5.355,1929
Jul 01 2018 01: +0,,4.732,2297
Jul 02 2018 01: +0,,4.596,1712
Jul 03 2018 01: +0,,5.125,1691
Jul 04 2018 01: +0,,4.984,2018
Jul 05 2018 01: +0,,4.922,1881
Jul 06 2018 01: +0,,6.07,1389
Jul 07 2018 01: +0,,6.308,3247
Jul 08 2018 01: +0,,6.505,2047
Jul 09 2018 01: +0,,6.088,1975
Jul 10 2018 01: +0,,6.497,1546
Jul 11 2018 01: +0,,6.319,1891
Jul 12 2018 01: +0,,6.572,1877
Jul 13 2018 01: +0,,6.166,2545
Jul 14 2018 01: +0,,6.213,2175
Jul 15 2018 01: +0,,6.257,1742
Jul 16 2018 01: +0,,6.314,1957
Jul 17 2018 01: +0,,5.781,2118
Jul 18 2018 01: +0,,5.932,1728
Jul 19 2018 01: +0,,5.787,1776
Jul 20 2018 01: +0,,6.073,2611
Jul 21 2018 01: +0,,6.084,2313
Jul 22 2018 01: +0,,6.138,2007
Jul 23 2018 01: +0,,5.75,2136
Jul 24 2018 01: +0,,5.981,2059
Jul 25 2018 01: +0,,6.372,1765
Jul 26 2018 01: +0,,6.931,1801
Jul 27 2018 01: +0,,6.86,1910
Jul 28 2018 01: +0,,6.646,2878
Jul 29 2018 01: +0,,6.826,2069
Jul 30 2018 01: +0,,6.814,2072
Jul 31 2018 01: +0,,7.479,2227
Aug 01 2018 01: +0,,7.52,2222
Aug 02 2018 01: +0,,7.239,2168
Aug 03 2018 01: +0,,7.512,2259
Aug 04 2018 01: +0,,7.669,2941
Aug 05 2018 01: +0,,7.42,2350
Aug 06 2018 01: +0,,6.888,2818
Aug 07 2018 01: +0,,6.744,2107
Aug 08 2018 01: +0,,7.308,2233
Aug 09 2018 01: +0,,7.016,2318
Aug 10 2018 01: +0,,7.07,1726
Aug 11 2018 01: +0,,6.823,2434
Aug 12 2018 01: +0,,6.84,2220
Aug 13 2018 01: +0,,6.535,2088
Aug 14 2018 01: +0,,6.508,2770
Aug 15 2018 01: +0,,6.213,2878
Aug 16 2018 01: +0,,6.348,2202
Aug 17 2018 01: +0,,6.267,2331
Aug 18 2018 01: +0,,6.393,2193
Aug 19 2018 01: +0,,6.442,1817
Aug 20 2018 01: +0,,6.303,1956
Aug 21 2018 01: +0,,6.56,2185
Aug 22 2018 01: +0,,6.399,1813
Aug 23 2018 01: +0,,6.339,1779
Aug 24 2018 01: +0,,6.397,2144
Aug 25 2018 01: +0,,6.601,1871
Aug 26 2018 01: +0,,6.903,1983
Aug 27 2018 01: +0,,6.443,1903
Aug 28 2018 01: +0,,6.233,2145
Aug 29 2018 01: +0,,5.77,2172
Aug 30 2018 01: +0,,5.569,1843
Aug 31 2018 01: +0,,5.742,2808
Sep 01 2018 01: +0,,5.641,2406
Sep 02 2018 01: +0,,5.716,2022
Sep 03 2018 01: +0,,5.642,2123
Sep 04 2018 01: +0,,6.25,1884
Sep 05 2018 01: +0,,6.204,1998
Sep 06 2018 01: +0,,6.052,1754
Sep 07 2018 01: +0,,5.99,2072
Sep 08 2018 01: +0,,5.96,2711
Sep 09 2018 01: +0,,6.16,1828
Sep 10 2018 01: +0,,6.199,1623
Sep 11 2018 01: +0,,6.121,1532
Sep 12 2018 01: +0,,6.574,1878
Sep 13 2018 01: +0,,6.777,1555
Sep 14 2018 01: +0,,6.854,2072
Sep 15 2018 01: +0,,6.946,2343
Sep 16 2018 01: +0,,6.858,1954
Sep 17 2018 01: +0,,6.549,1799
Sep 18 2018 01: +0,,6.898,1753
Sep 19 2018 01: +0,,7.037,2123
Sep 20 2018 01: +0,,7.07,1554
Sep 21 2018 01: +0,,7.153,1652
Sep 22 2018 01: +0,,7.255,2027
Sep 23 2018 01: +0,,6.882,2098
Sep 24 2018 01: +0,,7.063,1754
Sep 25 2018 01: +0,,7.445,2197
Sep 26 2018 01: +0,,7.328,1800
Sep 27 2018 01: +0,,8.026,2089
Sep 28 2018 01: +0,,7.84,2811
Sep 29 2018 01: +0,,6.793,2412
Sep 30 2018 01: +0,,7.644,2300
Oct 01 2018 01: +0,,7.98,1834
Oct 02 2018 01: +0,,8.225,2538
Oct 03 2018 01: +0,,7.997,2436
Oct 04 2018 01: +0,,7.63,2063
Oct 05 2018 01: +0,,7.911,2125
Oct 06 2018 01: +0,,7.763,2569
Oct 07 2018 01: +0,,7.666,2098
Oct 08 2018 01: +0,,7.533,1796
Oct 09 2018 01: +0,,7.586,1591
Oct 10 2018 01: +0,,7.359,2403
Oct 11 2018 01: +0,,7.578,2100
Oct 12 2018 01: +0,,7.574,1875
Oct 13 2018 01: +0,,7.29,2650
Oct 14 2018 01: +0,,7.632,2870
Oct 15 2018 01: +0,,7.725,1636
Oct 16 2018 01: +0,,7.283,2745
Oct 17 2018 01: +0,,7.173,2059
Oct 18 2018 01: +0,,7.771,1952
Oct 19 2018 01: +0,,7.29,2336
Oct 20 2018 01: +0,,7.568,1696
Oct 21 2018 01: +0,,7.505,1761
Oct 22 2018 01: +0,,7.215,1785
Oct 23 2018 01: +0,,7.0,1713
Oct 24 2018 01: +0,,7.305,1964
Oct 25 2018 01: +0,,7.651,1977
Oct 26 2018 01: +0,,7.745,1960
Oct 27 2018 01: +0,,7.603,1730
Oct 28 2018 01: +0,,7.228,1535
Oct 29 2018 01: +0,,6.814,1419
Oct 30 2018 01: +0,,6.965,1780
Oct 31 2018 01: +0,,6.946,1871
Nov 01 2018 01: +0,,6.838,1625
Nov 02 2018 01: +0,,7.122,1514
Nov 03 2018 01: +0,,7.376,1585
Nov 04 2018 01: +0,,7.306,1740
Nov 05 2018 01: +0,,7.498,1615
Nov 06 2018 01: +0,,6.721,1358
Nov 07 2018 01: +0,,7.435,1686
Nov 08 2018 01: +0,,7.636,1328
Nov 09 2018 01: +0,,7.38,1564
Nov 10 2018 01: +0,,7.532,1523
Nov 11 2018 01: +0,,7.022,1660
Nov 12 2018 01: +0,,7.554,1513
Nov 13 2018 01: +0,,7.28,1456
Nov 14 2018 01: +0,,6.78,1867
Nov 15 2018 01: +0,,6.778,1366
Nov 16 2018 01: +0,,6.979,1458
Nov 17 2018 01: +0,,6.848,1756
Nov 18 2018 01: +0,,6.907,2040
Nov 19 2018 01: +0,,6.566,2627
Nov 20 2018 01: +0,,6.489,2532
Nov 21 2018 01: +0,,6.295,1688
Nov 22 2018 01: +0,,5.843,2336
Nov 23 2018 01: +0,,6.001,1911
Nov 24 2018 01: +0,,5.509,1808
Nov 25 2018 01: +0,,5.504,1767
Nov 26 2018 01: +0,,5.429,2403
Nov 27 2018 01: +0,,5.595,1582
Nov 28 2018 01: +0,,5.879,1506
Nov 29 2018 01: +0,,5.879,1890
Nov 30 2018 01: +0,,5.93,1578
Dec 01 2018 01: +0,,5.793,2070
Dec 02 2018 01: +0,,6.245,1892
Dec 03 2018 01: +0,,6.182,1459
Dec 04 2018 01: +0,,5.804,1661
Dec 05 2018 01: +0,,6.183,1614
Dec 06 2018 01: +0,,6.228,2071
Dec 07 2018 01: +0,,6.231,1808
Dec 08 2018 01: +0,,6.836,2087
Dec 09 2018 01: +0,,6.444,2197
Dec 10 2018 01: +0,,6.532,1913
Dec 11 2018 01: +0,,6.794,1981
Dec 12 2018 01: +0,,6.702,1915
Dec 13 2018 01: +0,,6.453,1809
Dec 14 2018 01: +0,,6.724,2346
Dec 15 2018 01: +0,,6.849,3262
Dec 16 2018 01: +0,,7.02,1942
Dec 17 2018 01: +0,,6.532,2479
Dec 18 2018 01: +0,,6.984,2173
Dec 19 2018 01: +0,,6.841,1536
Dec 20 2018 01: +0,,6.248,2626
Dec 21 2018 01: +0,,6.371,2431
Dec 22 2018 01: +0,,6.302,2703
Dec 23 2018 01: +0,,6.148,2493
Dec 24 2018 01: +0,,6.036,2470
Dec 25 2018 01: +0,,6.607,2553
Dec 26 2018 01: +0,,6.88,3290
Dec 27 2018 01: +0,,7.215,2957
Dec 28 2018 01: +0,,7.293,2949
Dec 29 2018 01: +0,,6.885,2496
Dec 30 2018 01: +0,,6.538,2016
Dec 31 2018 01: +0,,6.741,2701
Jan 01 2019 01: +0,,7.177,2167
Jan 02 2019 01: +0,,7.318,2668
Jan 03 2019 01: +0,,6.76,2495
Jan 04 2019 01: +0,,7.089,2469
Jan 05 2019 01: +0,,7.554,3078
Jan 06 2019 01: +0,,7.326,3565
Jan 07 2019 01: +0,,7.957,3074
Jan 08 2019 01: +0,,7.221,2061
Jan 09 2019 01: +0,,6.979,3050
Jan 10 2019 01: +0,,6.666,2651
Jan 11 2019 01: +0,,6.687,2946
Jan 12 2019 01: +0,,6.803,3293
Jan 13 2019 01: +0,,6.923,3279
Jan 14 2019 01: +0,,7.467,2471
Jan 15 2019 01: +0,,7.151,2515
Jan 16 2019 01: +0,,7.094,2385
Jan 17 2019 01: +0,,7.542,2247
Jan 18 2019 01: +0,,7.481,2564
Jan 19 2019 01: +0,,7.849,2547
Jan 20 2019 01: +0,,7.827,2777
Jan 21 2019 01: +0,,7.6,1939
Jan 22 2019 01: +0,,7.526,1934
Jan 23 2019 01: +0,,7.608,1994
Jan 24 2019 01: +0,,8.017,3101
Jan 25 2019 01: +0,,7.955,2359
Jan 26 2019 01: +0,,7.655,2638
Jan 27 2019 01: +0,,7.484,3096
Jan 28 2019 01: +0,,7.856,2360
Jan 29 2019 01: +0,,8.226,2562
Jan 30 2019 01: +0,,7.54,2828
Jan 31 2019 01: +0,,7.942,2380
Feb 01 2019 01: +0,,8.218,4209
Feb 02 2019 01: +0,,8.075,3977
Feb 03 2019 01: +0,,7.673,2959
Feb 04 2019 01: +0,,7.654,2765
Feb 05 2019 01: +0,,7.663,2543
Feb 06 2019 01: +0,,7.681,2797
Feb 07 2019 01: +0,,7.901,2389
Feb 08 2019 01: +0,,8.11,2832
Feb 09 2019 01: +0,,7.926,2555
Feb 10 2019 01: +0,,7.576,3085
Feb 11 2019 01: +0,,7.436,2142
Feb 12 2019 01: +0,,7.863,1844
Feb 13 2019 01: +0,,7.64,2744
Feb 14 2019 01: +0,,7.897,2330
Feb 15 2019 01: +0,,7.845,1804
Feb 16 2019 01: +0,,7.598,3246
Feb 17 2019 01: +0,,7.749,2254
Feb 18 2019 01: +0,,7.762,2307
Feb 19 2019 01: +0,,7.794,1833
Feb 20 2019 01: +0,,8.02,1580
Feb 21 2019 01: +0,,7.888,3215
Feb 22 2019 01: +0,,8.144,3111
Feb 23 2019 01: +0,,8.133,2642
Feb 24 2019 01: +0,,7.888,2818
Feb 25 2019 01: +0,,7.795,2297
Feb 26 2019 01: +0,,8.061,2664
Feb 27 2019 01: +0,,7.897,2897
Feb 28 2019 01: +0,,8.163,2537
Mar 01 2019 01: +0,,8.026,2318
Mar 02 2019 01: +0,,8.107,3321
Mar 03 2019 01: +0,,7.602,3151
Mar 04 2019 01: +0,,7.839,2291
Mar 05 2019 01: +0,,8.034,2340
Mar 06 2019 01: +0,,7.662,2732
Mar 07 2019 01: +0,,7.755,2247
Mar 08 2019 01: +0,,7.49,3119
Mar 09 2019 01: +0,,8.063,2520
Mar 10 2019 01: +0,,7.969,2869
Mar 11 2019 01: +0,,7.65,2057
Mar 12 2019 01: +0,,8.032,2126
Mar 13 2019 01: +0,,8.236,2028
Mar 14 2019 01: +0,,8.304,2577
Mar 15 2019 01: +0,,8.053,3697
Mar 16 2019 01: +0,,8.444,4869
Mar 17 2019 01: +0,,8.509,3605
Mar 18 2019 01: +0,,8.485,3489
Mar 19 2019 01: +0,,8.615,3257
Mar 20 2019 01: +0,,8.707,2811
Mar 21 2019 01: +0,,9.156,4982
Mar 22 2019 01: +0,,9.296,3144
Mar 23 2019 01: +0,,9.43,3798
Mar 24 2019 01: +0,,8.688,3038
Mar 25 2019 01: +0,,9.045,2895
Mar 26 2019 01: +0,,9.277,2948
Mar 27 2019 01: +0,,9.516,5853
Mar 28 2019 01: +0,,9.978,2873
Mar 29 2019 01: +0,,9.934,6645
Mar 30 2019 01: +0,,10.662,3477
Mar 31 2019 01: +0,,11.025,3152
Apr 01 2019 01: +0,,10.539,2652
Apr 02 2019 01: +0,,10.333,3150
Apr 03 2019 01: +0,,11.039,2901
Apr 04 2019 01: +0,,10.579,2220
Apr 05 2019 01: +0,,11.009,2210
Apr 06 2019 01: +0,,10.732,2528
Apr 07 2019 01: +0,,10.585,4094
Apr 08 2019 01: +0,,11.096,3988
Apr 09 2019 01: +0,,11.125,4648
Apr 10 2019 01: +0,,11.15,3522
Apr 11 2019 01: +0,,10.935,3753
Apr 12 2019 01: +0,,11.201,3871
Apr 13 2019 01: +0,,11.493,5756
Apr 14 2019 01: +0,,11.763,6023
Apr 15 2019 01: +0,,13.119,7545
Apr 16 2019 01: +0,,14.445,3946
Apr 17 2019 01: +0,,15.217,2852
Apr 18 2019 01: +0,,14.638,2855
Apr 19 2019 01: +0,,14.754,2813
Apr 20 2019 01: +0,,14.61,2624
Apr 21 2019 01: +0,,14.186,2999
Apr 22 2019 01: +0,,13.331,3457
Apr 23 2019 01: +0,,12.581,2898
Apr 24 2019 01: +0,,13.836,2686
Apr 25 2019 01: +0,,13.755,1826
Apr 26 2019 01: +0,,13.52,3330
Apr 27 2019 01: +0,,12.69,2885
Apr 28 2019 01: +0,,13.114,2954
Apr 29 2019 01: +0,,13.712,3441
Apr 30 2019 01: +0,,13.551,2972
May 01 2019 01: +0,,12.643,2248
May 02 2019 01: +0,,13.386,2983
May 03 2019 01: +0,,13.329,3196
May 04 2019 01: +0,,13.352,2389
May 05 2019 01: +0,,13.009,2162
May 06 2019 01: +0,,12.972,2562
May 07 2019 01: +0,,12.362,3019
May 08 2019 01: +0,,11.761,4193
May 09 2019 01: +0,,11.691,3512
May 10 2019 01: +0,,11.639,2850
May 11 2019 01: +0,,11.863,2408
May 12 2019 01: +0,,11.551,3663
May 13 2019 01: +0,,11.816,2006
May 14 2019 01: +0,,12.345,2377
May 15 2019 01: +0,,12.578,2793
May 16 2019 01: +0,,12.528,2596
May 17 2019 01: +0,,12.986,2950
May 18 2019 01: +0,,12.789,3318
May 19 2019 01: +0,,13.197,2887
May 20 2019 01: +0,,13.166,2143
May 21 2019 01: +0,,13.249,2486
May 22 2019 01: +0,,13.074,2332
May 23 2019 01: +0,,13.306,3084
May 24 2019 01: +0,,13.536,3106
May 25 2019 01: +0,,13.876,3666
May 26 2019 01: +0,,14.019,3328
May 27 2019 01: +0,,14.476,3327
May 28 2019 01: +0,,14.299,3947
May 29 2019 01: +0,,14.518,3004
May 30 2019 01: +0,,14.728,4375
May 31 2019 01: +0,,15.299,10047
Jun 01 2019 01: +0,,17.221,4688
Jun 02 2019 01: +0,,18.246,4864
Jun 03 2019 01: +0,,18.453,3998
Jun 04 2019 01: +0,,18.44,3802
Jun 05 2019 01: +0,,17.947,2377
Jun 06 2019 01: +0,,19.079,5718
Jun 07 2019 01: +0,,19.596,3366
Jun 08 2019 01: +0,,18.769,3377
Jun 09 2019 01: +0,,18.634,3929
Jun 10 2019 01: +0,,18.084,3845
Jun 11 2019 01: +0,,17.607,2346
Jun 12 2019 01: +0,,16.884,2260
Jun 13 2019 01: +0,,16.635,3194
Jun 14 2019 01: +0,,16.703,2492
Jun 15 2019 01: +0,,16.043,3039
Jun 16 2019 01: +0,,15.956,2907
Jun 17 2019 01: +0,,15.938,2971
Jun 18 2019 01: +0,,15.999,2860
Jun 19 2019 01: +0,,16.821,3042
Jun 20 2019 01: +0,,15.381,2969
Jun 21 2019 01: +0,,16.626,3113
Jun 22 2019 01: +0,,17.504,3215
Jun 23 2019 01: +0,,17.64,2945
Jun 24 2019 01: +0,,17.498,2385
Jun 25 2019 01: +0,,18.084,5631
Jun 26 2019 01: +0,,16.673,3395
Jun 27 2019 01: +0,,15.513,2703
Jun 28 2019 01: +0,,16.308,2665
Jun 29 2019 01: +0,,16.677,2955
Jun 30 2019 01: +0,,15.907,3398
Jul 01 2019 01: +0,,16.188,3736
Jul 02 2019 01: +0,,15.88,3149
Jul 03 2019 01: +0,,16.031,4076
Jul 04 2019 01: +0,,15.776,3412
Jul 05 2019 01: +0,,16.378,3941
Jul 06 2019 01: +0,,17.016,3028
Jul 07 2019 01: +0,,16.533,4022
Jul 08 2019 01: +0,,15.907,3135
Jul 09 2019 01: +0,,16.451,3614
Jul 10 2019 01: +0,,16.695,3226
Jul 11 2019 01: +0,,17.159,3293
Jul 12 2019 01: +0,,17.603,2731
Jul 13 2019 01: +0,,17.714,3979
Jul 14 2019 01: +0,,17.545,2715
Jul 15 2019 01: +0,,16.979,2556
Jul 16 2019 01: +0,,17.113,3155
Jul 17 2019 01: +0,,16.623,2529
Jul 18 2019 01: +0,,17.487,2678
Jul 19 2019 01: +0,,17.418,2341
Jul 20 2019 01: +0,,17.144,2867
Jul 21 2019 01: +0,,17.027,2949
Jul 22 2019 01: +0,,16.292,3105
Jul 23 2019 01: +0,,15.974,4477
Jul 24 2019 01: +0,,15.876,2834
Jul 25 2019 01: +0,,16.646,3641
Jul 26 2019 01: +0,,16.312,2662
Jul 27 2019 01: +0,,16.708,2897
Jul 28 2019 01: +0,,16.225,2509
Jul 29 2019 01: +0,,16.426,2735
Jul 30 2019 01: +0,,16.405,2472
Jul 31 2019 01: +0,,16.465,3572
Aug 01 2019 01: +0,,17.004,4354
Aug 02 2019 01: +0,,17.24,4358
Aug 03 2019 01: +0,,17.756,3593
Aug 04 2019 01: +0,,18.054,3091
Aug 05 2019 01: +0,,18.205,3928
Aug 06 2019 01: +0,,18.49,2907
Aug 07 2019 01: +0,,18.414,3221
Aug 08 2019 01: +0,,18.446,3805
Aug 09 2019 01: +0,,18.758,3105
Aug 10 2019 01: +0,,18.811,2672
Aug 11 2019 01: +0,,18.203,4281
Aug 12 2019 01: +0,,18.371,3746
Aug 13 2019 01: +0,,18.21,3301
Aug 14 2019 01: +0,,18.098,2935
Aug 15 2019 01: +0,,17.662,3236
Aug 16 2019 01: +0,,17.53,2907
Aug 17 2019 01: +0,,17.62,3092
Aug 18 2019 01: +0,,17.383,3827
Aug 19 2019 01: +0,,17.328,3382
Aug 20 2019 01: +0,,17.106,3219
Aug 21 2019 01: +0,,16.727,2485
Aug 22 2019 01: +0,,17.22,5727
Aug 23 2019 01: +0,,17.599,2723
Aug 24 2019 01: +0,,17.205,3574
Aug 25 2019 01: +0,,16.743,3160
Aug 26 2019 01: +0,,16.062,3187
Aug 27 2019 01: +0,,16.534,2657
Aug 28 2019 01: +0,,17.047,2389
Aug 29 2019 01: +0,,16.253,2904
Aug 30 2019 01: +0,,16.19,2670
Aug 31 2019 01: +0,,16.199,5296
Sep 01 2019 01: +0,,16.16,3580
Sep 02 2019 01: +0,,16.048,2871
Sep 03 2019 01: +0,,15.986,2954
Sep 04 2019 01: +0,,16.54,3400
Sep 05 2019 01: +0,,16.492,3284
Sep 06 2019 01: +0,,16.674,4859
Sep 07 2019 01: +0,,16.127,7766
Sep 08 2019 01: +0,,15.18,5219
Sep 09 2019 01: +0,,15.526,2960
Sep 10 2019 01: +0,,16.019,3627
Sep 11 2019 01: +0,,16.12,3907
Sep 12 2019 01: +0,,16.427,3685
Sep 13 2019 01: +0,,15.991,3173
Sep 14 2019 01: +0,,16.363,4161
Sep 15 2019 01: +0,,16.274,5230
Sep 16 2019 01: +0,,16.88,3028
Sep 17 2019 01: +0,,17.083,3643
Sep 18 2019 01: +0,,16.675,2414
Sep 19 2019 01: +0,,17.435,2836
Sep 20 2019 01: +0,,17.41,3308
Sep 21 2019 01: +0,,17.667,3363
Sep 22 2019 01: +0,,17.275,3068
Sep 23 2019 01: +0,,16.945,3648
Sep 24 2019 01: +0,,16.918,3380
Sep 25 2019 01: +0,,17.45,3025
Sep 26 2019 01: +0,,17.566,3561
Sep 27 2019 01: +0,,17.97,3729
Sep 28 2019 01: +0,,18.13,4741
Sep 29 2019 01: +0,,18.142,4031
Sep 30 2019 01: +0,,18.57,3102
Oct 01 2019 01: +0,,18.984,4600
Oct 02 2019 01: +0,,18.67,3041
Oct 03 2019 01: +0,,19.251,5235
Oct 04 2019 01: +0,,18.921,3189
Oct 05 2019 01: +0,,19.105,3198
Oct 06 2019 01: +0,,19.399,4102
Oct 07 2019 01: +0,,19.512,3471
Oct 08 2019 01: +0,,18.361,7008
Oct 09 2019 01: +0,,18.89,3061
Oct 10 2019 01: +0,,18.441,3777
Oct 11 2019 01: +0,,19.191,9151
Oct 12 2019 01: +0,,19.32,4460
Oct 13 2019 01: +0,,18.938,5283
Oct 14 2019 01: +0,,19.385,4641
Oct 15 2019 01: +0,,19.178,3228
Oct 16 2019 01: +0,,19.046,3981
Oct 17 2019 01: +0,,18.451,2884
Oct 18 2019 01: +0,,17.44,4486
Oct 19 2019 01: +0,,16.878,4365
Oct 20 2019 01: +0,,16.91,4938
Oct 21 2019 01: +0,,17.54,3062
Oct 22 2019 01: +0,,18.62,5150
Oct 23 2019 01: +0,,17.014,2444
Oct 24 2019 01: +0,,17.053,2936
Oct 25 2019 01: +0,,18.471,3962
Oct 26 2019 01: +0,,18.02,3073
Oct 27 2019 01: +0,,16.371,2819
Oct 28 2019 01: +0,,16.975,3515
Oct 29 2019 01: +0,,16.905,5547
Oct 30 2019 01: +0,,14.795,2784
Oct 31 2019 01: +0,,14.958,3332
Nov 01 2019 01: +0,,15.94,3389
Nov 02 2019 01: +0,,16.92,2975
Nov 03 2019 01: +0,,16.621,2917
Nov 04 2019 01: +0,,16.151,2562
Nov 05 2019 01: +0,,16.612,3109
Nov 06 2019 01: +0,,16.667,2270
Nov 07 2019 01: +0,,16.844,2726
Nov 08 2019 01: +0,,16.087,2450
Nov 09 2019 01: +0,,15.947,2854
Nov 10 2019 01: +0,,16.821,3634
Nov 11 2019 01: +0,,16.217,2492
Nov 12 2019 01: +0,,15.326,2548
Nov 13 2019 01: +0,,16.289,1960
Nov 14 2019 01: +0,,16.949,2179
Nov 15 2019 01: +0,,17.542,3139
Nov 16 2019 01: +0,,17.117,2941
Nov 17 2019 01: +0,,17.751,3195
Nov 18 2019 01: +0,,17.772,2147
Nov 19 2019 01: +0,,14.064,4722
Nov 20 2019 01: +0,,14.06,1990
Nov 21 2019 01: +0,,14.836,2349
Nov 22 2019 01: +0,,15.583,2529
Nov 23 2019 01: +0,,16.456,3358
Nov 24 2019 01: +0,,16.148,2506
Nov 25 2019 01: +0,,16.1,2563
Nov 26 2019 01: +0,,15.657,3219
Nov 27 2019 01: +0,,16.092,3009
Nov 28 2019 01: +0,,15.971,3014
Nov 29 2019 01: +0,,15.992,2926
Nov 30 2019 01: +0,,15.469,4397
Dec 01 2019 01: +0,,15.214,3979
Dec 02 2019 01: +0,,15.513,2657
Dec 03 2019 01: +0,,15.237,2329
Dec 04 2019 01: +0,,16.078,2805
Dec 05 2019 01: +0,,16.161,3218
Dec 06 2019 01: +0,,16.593,2702
Dec 07 2019 01: +0,,16.32,3598
Dec 08 2019 01: +0,,16.005,3363
Dec 09 2019 01: +0,,15.731,2484
Dec 10 2019 01: +0,,16.435,3153
Dec 11 2019 01: +0,,16.396,2997
Dec 12 2019 01: +0,,16.6,2776
Dec 13 2019 01: +0,,17.126,4055
Dec 14 2019 01: +0,,17.831,2859
Dec 15 2019 01: +0,,17.547,2980
Dec 16 2019 01: +0,,18.113,3373
Dec 17 2019 01: +0,,18.491,3407
Dec 18 2019 01: +0,,19.535,3580
Dec 19 2019 01: +0,,19.974,4596
Dec 20 2019 01: +0,,19.084,4038
Dec 21 2019 01: +0,,19.431,3354
Dec 22 2019 01: +0,,18.718,4323
Dec 23 2019 01: +0,,19.93,3765
Dec 24 2019 01: +0,,20.421,4701
Dec 25 2019 01: +0,,21.095,4475
Dec 26 2019 01: +0,,21.22,5373
Dec 27 2019 01: +0,,20.595,3737
Dec 28 2019 01: +0,,21.917,5085
Dec 29 2019 01: +0,,21.49,4188
Dec 30 2019 01: +0,,21.195,3310
Dec 31 2019 01: +0,,21.656,3359
Jan 01 2020 01: +0,,22.501,4614
Jan 02 2020 01: +0,,21.823,4892
Jan 03 2020 01: +0,,23.73,6236
Jan 04 2020 01: +0,,26.193,6783
Jan 05 2020 01: +0,,28.708,5456
Jan 06 2020 01: +0,,29.639,4478
Jan 07 2020 01: +0,,30.215,4935
Jan 08 2020 01: +0,,29.979,6251
Jan 09 2020 01: +0,,29.158,4950
Jan 10 2020 01: +0,,29.741,4251
Jan 11 2020 01: +0,,29.104,3459
Jan 12 2020 01: +0,,28.713,3703
Jan 13 2020 01: +0,,28.916,2941
Jan 14 2020 01: +0,,28.041,2532
Jan 15 2020 01: +0,,27.892,3517
Jan 16 2020 01: +0,,29.208,6618
Jan 17 2020 01: +0,,29.413,3431
Jan 18 2020 01: +0,,32.055,8969
Jan 19 2020 01: +0,,37.295,8845
Jan 20 2020 01: +0,,38.153,4607
Jan 21 2020 01: +0,,36.196,4464
Jan 22 2020 01: +0,,36.298,4983
Jan 23 2020 01: +0,,37.101,5259
Jan 24 2020 01: +0,,36.862,4817
Jan 25 2020 01: +0,,35.755,4656
Jan 26 2020 01: +0,,34.315,5054
Jan 27 2020 01: +0,,32.986,3374
Jan 28 2020 01: +0,,33.7,3931
Jan 29 2020 01: +0,,33.105,5079
Jan 30 2020 01: +0,,33.346,4448
Jan 31 2020 01: +0,,34.313,4489
Feb 01 2020 01: +0,,34.716,5238
Feb 02 2020 01: +0,,34.874,4507
Feb 03 2020 01: +0,,33.676,4551
Feb 04 2020 01: +0,,34.396,3601
Feb 05 2020 01: +0,,35.146,4166
Feb 06 2020 01: +0,,34.271,3712
Feb 07 2020 01: +0,,34.455,4106
Feb 08 2020 01: +0,,33.093,5911
Feb 09 2020 01: +0,,31.269,4349
Feb 10 2020 01: +0,,29.64,3700
Feb 11 2020 01: +0,,30.551,3643
Feb 12 2020 01: +0,,32.161,3289
Feb 13 2020 01: +0,,32.071,3706
Feb 14 2020 01: +0,,32.757,4467
Feb 15 2020 01: +0,,32.71,4372
Feb 16 2020 01: +0,,31.48,4799
Feb 17 2020 01: +0,,31.088,4739
Feb 18 2020 01: +0,,31.324,3760
Feb 19 2020 01: +0,,32.004,3675
Feb 20 2020 01: +0,,30.823,8278
Feb 21 2020 01: +0,,31.422,6228
Feb 22 2020 01: +0,,31.633,3682
Feb 23 2020 01: +0,,31.413,4119
Feb 24 2020 01: +0,,31.745,3897
Feb 25 2020 01: +0,,31.034,4372
Feb 26 2020 01: +0,,31.662,4189
Feb 27 2020 01: +0,,32.217,4236
Feb 28 2020 01: +0,,31.833,3773
Feb 29 2020 01: +0,,32.271,4001
Mar 01 2020 01: +0,,31.632,5235
Mar 02 2020 01: +0,,31.181,4134
Mar 03 2020 01: +0,,31.921,3567
Mar 04 2020 01: +0,,33.091,4129
Mar 05 2020 01: +0,,33.252,3896
Mar 06 2020 01: +0,,33.122,3761
Mar 07 2020 01: +0,,34.669,4672
Mar 08 2020 01: +0,,34.62,3386
Mar 09 2020 01: +0,,34.059,4405
Mar 10 2020 01: +0,,32.583,3845
Mar 11 2020 01: +0,,34.269,3188
Mar 12 2020 01: +0,,32.93,3500
Mar 13 2020 01: +0,,33.782,3661
Mar 14 2020 01: +0,,34.709,4701
Mar 15 2020 01: +0,,33.861,5326
Mar 16 2020 01: +0,,32.954,4266
Mar 17 2020 01: +0,,32.847,3946
Mar 18 2020 01: +0,,32.108,3169
Mar 19 2020 01: +0,,31.567,3830
Mar 20 2020 01: +0,,31.136,4330
Mar 21 2020 01: +0,,29.792,4029
Mar 22 2020 01: +0,,29.84,4070
Mar 23 2020 01: +0,,28.578,3922
Mar 24 2020 01: +0,,27.544,3957
Mar 25 2020 01: +0,,28.414,5103
Mar 26 2020 01: +0,,29.666,4826
Mar 27 2020 01: +0,,30.236,4459
Mar 28 2020 01: +0,,29.871,5287
Mar 29 2020 01: +0,,29.193,5131
Mar 30 2020 01: +0,,28.488,4955
Mar 31 2020 01: +0,,30.065,5507
Apr 01 2020 01: +0,,28.144,5363
Apr 02 2020 01: +0,,28.122,5708
Apr 03 2020 01: +0,,27.702,5047
Apr 04 2020 01: +0,,27.571,5631
Apr 05 2020 01: +0,,27.18,5127
Apr 06 2020 01: +0,,26.413,5566
Apr 07 2020 01: +0,,26.594,4641
Apr 08 2020 01: +0,,27.483,5440
Apr 09 2020 01: +0,,26.324,4824
Apr 10 2020 01: +0,,28.651,5693
Apr 11 2020 01: +0,,26.752,5914
Apr 12 2020 01: +0,,26.723,5544
Apr 13 2020 01: +0,,25.886,5897
Apr 14 2020 01: +0,,26.191,6028
Apr 15 2020 01: +0,,27.543,6013
Apr 16 2020 01: +0,,27.665,5329
Apr 17 2020 01: +0,,29.391,5301
Apr 18 2020 01: +0,,29.274,5060
Apr 19 2020 01: +0,,28.41,5394
Apr 20 2020 01: +0,,27.366,5311
Apr 21 2020 01: +0,,28.196,4619
Apr 22 2020 01: +0,,27.334,4514
Apr 23 2020 01: +0,,26.89,4461
Apr 24 2020 01: +0,,27.594,4489
Apr 25 2020 01: +0,,27.847,4524
Apr 26 2020 01: +0,,27.181,4217
Apr 27 2020 01: +0,,27.213,4473
Apr 28 2020 01: +0,,27.167,3995
Apr 29 2020 01: +0,,28.383,5952
Apr 30 2020 01: +0,,28.59,6542
May 01 2020 01: +0,,28.244,6033
May 02 2020 01: +0,,28.078,6505
May 03 2020 01: +0,,29.376,5936
May 04 2020 01: +0,,29.963,5635
May 05 2020 01: +0,,30.372,5106
May 06 2020 01: +0,,30.846,6151
May 07 2020 01: +0,,31.906,6531
May 08 2020 01: +0,,33.287,6812
May 09 2020 01: +0,,33.497,5378
May 10 2020 01: +0,,33.242,4332
May 11 2020 01: +0,,32.002,4413
May 12 2020 01: +0,,32.511,4950
May 13 2020 01: +0,,33.223,4956
May 14 2020 01: +0,,33.707,5168
May 15 2020 01: +0,,33.116,5469
May 16 2020 01: +0,,33.14,5632
May 17 2020 01: +0,,32.59,5274
May 18 2020 01: +0,,32.088,3827
May 19 2020 01: +0,,31.974,5203
May 20 2020 01: +0,,32.544,4733
May 21 2020 01: +0,,32.154,4195
May 22 2020 01: +0,,32.417,3088
May 23 2020 01: +0,,32.388,4037
May 24 2020 01: +0,,32.939,4247
May 25 2020 01: +0,,32.134,3807
May 26 2020 01: +0,,29.89,4430
May 27 2020 01: +0,,29.875,4083
May 28 2020 01: +0,,30.343,4712
May 29 2020 01: +0,,31.883,5041
May 30 2020 01: +0,,32.65,4945
May 31 2020 01: +0,,32.126,3594
Jun 01 2020 01: +0,,33.475,3862
Jun 02 2020 01: +0,,33.06,3184
Jun 03 2020 01: +0,,32.72,3776
Jun 04 2020 01: +0,,34.418,5259
Jun 05 2020 01: +0,,34.175,4647
Jun 06 2020 01: +0,,34.833,5368
Jun 07 2020 01: +0,,33.773,3649
Jun 08 2020 01: +0,,34.332,4075
Jun 09 2020 01: +0,,33.919,3203
Jun 10 2020 01: +0,,33.649,3171
Jun 11 2020 01: +0,,33.546,3064
Jun 12 2020 01: +0,,33.25,3806
Jun 13 2020 01: +0,,33.139,3668
Jun 14 2020 01: +0,,33.049,3755
Jun 15 2020 01: +0,,33.046,3004
Jun 16 2020 01: +0,,32.132,3319
Jun 17 2020 01: +0,,33.094,4385
Jun 18 2020 01: +0,,33.08,3774
Jun 19 2020 01: +0,,33.291,3562
Jun 20 2020 01: +0,,33.416,4436
Jun 21 2020 01: +0,,33.228,4542
Jun 22 2020 01: +0,,33.575,5498
Jun 23 2020 01: +0,,33.794,5073
Jun 24 2020 01: +0,,33.65,5691
Jun 25 2020 01: +0,,31.869,4670
Jun 26 2020 01: +0,,31.338,5069
Jun 27 2020 01: +0,,30.831,4325
Jun 28 2020 01: +0,,31.553,4285
Jun 29 2020 01: +0,,31.696,3830
Jun 30 2020 01: +0,,32.059,4295
Jul 01 2020 01: +0,,32.398,4503
Jul 02 2020 01: +0,,32.935,4694
Jul 03 2020 01: +0,,33.327,5570
Jul 04 2020 01: +0,,33.203,4482
Jul 05 2020 01: +0,,33.339,4743
Jul 06 2020 01: +0,,33.166,3405
Jul 07 2020 01: +0,,33.016,3711
Jul 08 2020 01: +0,,33.034,4481
Jul 09 2020 01: +0,,34.018,4119
Jul 10 2020 01: +0,,34.408,4916
Jul 11 2020 01: +0,,34.317,4060
Jul 12 2020 01: +0,,34.757,3921
Jul 13 2020 01: +0,,34.916,3587
Jul 14 2020 01: +0,,35.031,3871
Jul 15 2020 01: +0,,35.715,4590
Jul 16 2020 01: +0,,35.991,4137
Jul 17 2020 01: +0,,35.849,3458
Jul 18 2020 01: +0,,36.949,4602
Jul 19 2020 01: +0,,37.108,4075
Jul 20 2020 01: +0,,37.781,4983
Jul 21 2020 01: +0,,37.516,3235
Jul 22 2020 01: +0,,37.75,2980
Jul 23 2020 01: +0,,39.048,4680
Jul 24 2020 01: +0,,39.11,4362
Jul 25 2020 01: +0,,40.056,4117
Jul 26 2020 01: +0,,40.667,2953
Jul 27 2020 01: +0,,41.138,3052
Jul 28 2020 01: +0,,40.922,3383
Jul 29 2020 01: +0,,41.14,4885
Jul 30 2020 01: +0,,40.791,3541
Jul 31 2020 01: +0,,40.942,4370
Aug 01 2020 01: +0,,42.118,5996
Aug 02 2020 01: +0,,44.225,4409
Aug 03 2020 01: +0,,48.97,7277
Aug 04 2020 01: +0,,49.845,3991
Aug 05 2020 01: +0,,49.713,3232
Aug 06 2020 01: +0,,48.576,3823
Aug 07 2020 01: +0,,48.711,3477
Aug 08 2020 01: +0,,47.596,3292
Aug 09 2020 01: +0,,46.362,2276
Aug 10 2020 01: +0,,46.397,2395
Aug 11 2020 01: +0,,47.372,4751
Aug 12 2020 01: +0,,47.794,2952
Aug 13 2020 01: +0,,46.262,4460
Aug 14 2020 01: +0,,44.694,4264
Aug 15 2020 01: +0,,44.103,3902
Aug 16 2020 01: +0,,42.299,2616
Aug 17 2020 01: +0,,42.457,3073
Aug 18 2020 01: +0,,43.056,2810
Aug 19 2020 01: +0,,42.866,3065
Aug 20 2020 01: +0,,43.506,2654
Aug 21 2020 01: +0,,41.614,2325
Aug 22 2020 01: +0,,39.176,5885
Aug 23 2020 01: +0,,39.682,2567
Aug 24 2020 01: +0,,37.895,2500
Aug 25 2020 01: +0,,40.023,2600
Aug 26 2020 01: +0,,42.115,3492
Aug 27 2020 01: +0,,41.894,3417
Aug 28 2020 01: +0,,44.207,3814
Aug 29 2020 01: +0,,43.293,2829
Aug 30 2020 01: +0,,41.762,3161
Aug 31 2020 01: +0,,42.432,2114
Sep 01 2020 01: +0,,43.581,3407
Sep 02 2020 01: +0,,43.706,2819
Sep 03 2020 01: +0,,43.809,3266
Sep 04 2020 01: +0,,43.727,3337
Sep 05 2020 01: +0,,43.417,2918
Sep 06 2020 01: +0,,43.414,2376
Sep 07 2020 01: +0,,42.522,2754
Sep 08 2020 01: +0,,43.125,2292
Sep 09 2020 01: +0,,42.914,2510
Sep 10 2020 01: +0,,43.089,2440
Sep 11 2020 01: +0,,44.233,3627
Sep 12 2020 01: +0,,44.166,2734
Sep 13 2020 01: +0,,44.748,2456
Sep 14 2020 01: +0,,45.039,2708
Sep 15 2020 01: +0,,44.441,1992
Sep 16 2020 01: +0,,44.295,2527
Sep 17 2020 01: +0,,44.655,2886
Sep 18 2020 01: +0,,44.337,2232
Sep 19 2020 01: +0,,43.672,2889
Sep 20 2020 01: +0,,43.462,3102
Sep 21 2020 01: +0,,43.152,2358
Sep 22 2020 01: +0,,43.927,2137
Sep 23 2020 01: +0,,43.624,2175
Sep 24 2020 01: +0,,44.45,3474
Sep 25 2020 01: +0,,44.328,4140
Sep 26 2020 01: +0,,44.466,2845
Sep 27 2020 01: +0,,44.906,3360
Sep 28 2020 01: +0,,42.804,2584
Sep 29 2020 01: +0,,44.464,2466
Sep 30 2020 01: +0,,45.464,3000
Oct 01 2020 01: +0,,44.916,2476
Oct 02 2020 01: +0,,45.24,2648
Oct 03 2020 01: +0,,45.13,3112
Oct 04 2020 01: +0,,45.022,2678
Oct 05 2020 01: +0,,44.457,3895
Oct 06 2020 01: +0,,44.505,2308
Oct 07 2020 01: +0,,44.935,3288
Oct 08 2020 01: +0,,44.713,2300
Oct 09 2020 01: +0,,45.15,4568
Oct 10 2020 01: +0,,44.072,2686
Oct 11 2020 01: +0,,43.557,2703
Oct 12 2020 01: +0,,43.702,2964
Oct 13 2020 01: +0,,43.451,2046
Oct 14 2020 01: +0,,43.033,2122
Oct 15 2020 01: +0,,41.499,1662
Oct 16 2020 01: +0,,41.917,2201
Oct 17 2020 01: +0,,42.156,2852
Oct 18 2020 01: +0,,42.481,2438
Oct 19 2020 01: +0,,43.209,2553
Oct 20 2020 01: +0,,43.286,1984
Oct 21 2020 01: +0,,42.75,2064
Oct 22 2020 01: +0,,42.604,2424
Oct 23 2020 01: +0,,41.149,2461
Oct 24 2020 01: +0,,42.389,2670
Oct 25 2020 01: +0,,41.432,2234
Oct 26 2020 01: +0,,40.719,1772
Oct 27 2020 01: +0,,38.885,2397
Oct 28 2020 01: +0,,39.706,1748
Oct 29 2020 01: +0,,39.182,2414
Oct 30 2020 01: +0,,41.276,3554
Oct 31 2020 01: +0,,42.732,3030
Nov 01 2020 01: +0,,41.19,3442
Nov 02 2020 01: +0,,41.98,1823
Nov 03 2020 01: +0,,42.604,2903
Nov 04 2020 01: +0,,43.316,2797
Nov 05 2020 01: +0,,43.004,2728
Nov 06 2020 01: +0,,44.205,2964
Nov 07 2020 01: +0,,42.47,2857
Nov 08 2020 01: +0,,42.79,2758
Nov 09 2020 01: +0,,42.379,2336
Nov 10 2020 01: +0,,43.107,3363
Nov 11 2020 01: +0,,42.813,2492
Nov 12 2020 01: +0,,43.305,2950
Nov 13 2020 01: +0,,44.049,2556
Nov 14 2020 01: +0,,44.433,3131
Nov 15 2020 01: +0,,42.967,2642
Nov 16 2020 01: +0,,43.81,2565
Nov 17 2020 01: +0,,42.386,2992
Nov 18 2020 01: +0,,42.4,2059
Nov 19 2020 01: +0,,42.119,2872
Nov 20 2020 01: +0,,43.164,3839
Nov 21 2020 01: +0,,43.395,2894
Nov 22 2020 01: +0,,43.312,2609
Nov 23 2020 01: +0,,43.317,2092
Nov 24 2020 01: +0,,43.685,2352
Nov 25 2020 01: +0,,41.981,3057
Nov 26 2020 01: +0,,40.006,3060
Nov 27 2020 01: +0,,39.216,3238
Nov 28 2020 01: +0,,39.116,3100
Nov 29 2020 01: +0,,37.798,2540
Nov 30 2020 01: +0,,38.446,2513
Dec 01 2020 01: +0,,38.551,3268
Dec 02 2020 01: +0,,42.736,4421
Dec 03 2020 01: +0,,41.802,7592
Dec 04 2020 01: +0,,35.55,4597
Dec 05 2020 01: +0,,36.784,2074
Dec 06 2020 01: +0,,37.974,2554
Dec 07 2020 01: +0,,34.355,2433
Dec 08 2020 01: +0,,33.381,2480
Dec 09 2020 01: +0,,36.113,3079
Dec 10 2020 01: +0,,33.46,2518
Dec 11 2020 01: +0,,36.148,2260
Dec 12 2020 01: +0,,37.914,3004
Dec 13 2020 01: +0,,35.349,2211
Dec 14 2020 01: +0,,35.896,2231
Dec 15 2020 01: +0,,37.574,2067
Dec 16 2020 01: +0,,36.585,2324
Dec 17 2020 01: +0,,38.443,2626
Dec 18 2020 01: +0,,39.385,3346
Dec 19 2020 01: +0,,38.506,3225
Dec 20 2020 01: +0,,39.76,2911
Dec 21 2020 01: +0,,43.81,5112
Dec 22 2020 01: +0,,41.196,2099
Dec 23 2020 01: +0,,41.074,3361
Dec 24 2020 01: +0,,40.406,3727
Dec 25 2020 01: +0,,44.451,3929
Dec 26 2020 01: +0,,45.491,3049
Dec 27 2020 01: +0,,43.413,2383
Dec 28 2020 01: +0,,43.956,3165
Dec 29 2020 01: +0,,43.84,2757
Dec 30 2020 01: +0,,44.918,3080
Dec 31 2020 01: +0,,46.603,3400
Jan 01 2021 01: +0,,45.47,2544
Jan 02 2021 01: +0,,45.433,3234
Jan 03 2021 01: +0,,45.338,3609
Jan 04 2021 01: +0,,44.946,3635
Jan 05 2021 01: +0,,45.317,4566
Jan 06 2021 01: +0,,44.296,2943
Jan 07 2021 01: +0,,44.636,2663
Jan 08 2021 01: +0,,45.844,4418
Jan 09 2021 01: +0,,46.976,3760
Jan 10 2021 01: +0,,46.49,3045
Jan 11 2021 01: +0,,46.289,2466
Jan 12 2021 01: +0,,45.798,2314
Jan 13 2021 01: +0,,44.729,3580
Jan 14 2021 01: +0,,45.743,2841
Jan 15 2021 01: +0,,46.631,4170
Jan 16 2021 01: +0,,46.727,3815
Jan 17 2021 01: +0,,46.993,3515
Jan 18 2021 01: +0,,47.225,3384
Jan 19 2021 01: +0,,47.051,3224
Jan 20 2021 01: +0,,47.287,3585
Jan 21 2021 01: +0,,47.754,4073
Jan 22 2021 01: +0,,47.581,5817
Jan 23 2021 01: +0,,47.624,3741
Jan 24 2021 01: +0,,48.342,3579
Jan 25 2021 01: +0,,48.816,3220
Jan 26 2021 01: +0,,48.969,2884
Jan 27 2021 01: +0,,49.991,2898
Jan 28 2021 01: +0,,47.716,3904
Jan 29 2021 01: +0,,50.257,3953
Jan 30 2021 01: +0,,50.582,3301
Jan 31 2021 01: +0,,51.599,3475
Feb 01 2021 01: +0,,52.72,3920
Feb 02 2021 01: +0,,53.708,4724
Feb 03 2021 01: +0,,54.982,7327
Feb 04 2021 01: +0,,65.418,4088
Feb 05 2021 01: +0,,62.45,2817
Feb 06 2021 01: +0,,62.083,3284
Feb 07 2021 01: +0,,61.347,2878
Feb 08 2021 01: +0,,61.233,2428
Feb 09 2021 01: +0,,60.148,3224
Feb 10 2021 01: +0,,59.39,2372
Feb 11 2021 01: +0,,61.74,5081
Feb 12 2021 01: +0,,59.201,3935
Feb 13 2021 01: +0,,56.2,3049
Feb 14 2021 01: +0,,56.066,3754
Feb 15 2021 01: +0,,58.627,3753
Feb 16 2021 01: +0,,58.037,2732
Feb 17 2021 01: +0,,57.253,3022
Feb 18 2021 01: +0,,56.115,2510
Feb 19 2021 01: +0,,58.124,3030
Feb 20 2021 01: +0,,61.341,3643
Feb 21 2021 01: +0,,61.764,3316
Feb 22 2021 01: +0,,61.641,3592
Feb 23 2021 01: +0,,63.08,5608
Feb 24 2021 01: +0,,68.343,7075
Feb 25 2021 01: +0,,76.155,4652
Feb 26 2021 01: +0,,80.392,4337
Feb 27 2021 01: +0,,79.94,3956
Feb 28 2021 01: +0,,78.192,5405
Mar 01 2021 01: +0,,79.756,5296
Mar 02 2021 01: +0,,79.48,3483
Mar 03 2021 01: +0,,77.172,3851
Mar 04 2021 01: +0,,73.399,3257
Mar 05 2021 01: +0,,72.411,5225
Mar 06 2021 01: +0,,73.446,4005
Mar 07 2021 01: +0,,71.359,2659
Mar 08 2021 01: +0,,71.594,3300
Mar 09 2021 01: +0,,73.19,3746
Mar 10 2021 01: +0,,72.071,3004
Mar 11 2021 01: +0,,71.641,3103
Mar 12 2021 01: +0,,72.527,4015
Mar 13 2021 01: +0,,72.165,3549
Mar 14 2021 01: +0,,71.013,3185
Mar 15 2021 01: +0,,68.666,3140
Mar 16 2021 01: +0,,70.527,3006
Mar 17 2021 01: +0,,69.96,3302
Mar 18 2021 01: +0,,70.967,5793
Mar 19 2021 01: +0,,70.253,3550
Mar 20 2021 01: +0,,71.827,3923
Mar 21 2021 01: +0,,73.132,3569
Mar 22 2021 01: +0,,72.514,3621
Mar 23 2021 01: +0,,68.712,2510
Mar 24 2021 01: +0,,68.672,3968
Mar 25 2021 01: +0,,70.599,2812
Mar 26 2021 01: +0,,72.451,3953
Mar 27 2021 01: +0,,74.561,4310
Mar 28 2021 01: +0,,74.85,3334
Mar 29 2021 01: +0,,76.28,3595
Mar 30 2021 01: +0,,75.632,3455
Mar 31 2021 01: +0,,76.094,3404
Apr 01 2021 01: +0,,78.481,3518
Apr 02 2021 01: +0,,78.548,4004
Apr 03 2021 01: +0,,77.73,3583
Apr 04 2021 01: +0,,78.128,5485
Apr 05 2021 01: +0,,77.858,4219
Apr 06 2021 01: +0,,77.423,5455
Apr 07 2021 01: +0,,75.245,2220
Apr 08 2021 01: +0,,71.254,2972
Apr 09 2021 01: +0,,68.676,6404
Apr 10 2021 01: +0,,68.79,4373
Apr 11 2021 01: +0,,73.785,3303
Apr 12 2021 01: +0,,75.117,3861
Apr 13 2021 01: +0,,74.91,3777
Apr 14 2021 01: +0,,78.515,1966
Apr 15 2021 01: +0,,77.905,3499
Apr 16 2021 01: +0,,76.874,3367
Apr 17 2021 01: +0,,76.558,2920
Apr 18 2021 01: +0,,76.975,2673
Apr 19 2021 01: +0,,74.8,2280
Apr 20 2021 01: +0,,73.045,2033
Apr 21 2021 01: +0,,73.772,2565
Apr 22 2021 01: +0,,74.811,2181
Apr 23 2021 01: +0,,76.551,2515
Apr 24 2021 01: +0,,77.371,3328
Apr 25 2021 01: +0,,77.372,2587
Apr 26 2021 01: +0,,75.388,1731
Apr 27 2021 01: +0,,75.819,2388
Apr 28 2021 01: +0,,76.312,2248
Apr 29 2021 01: +0,,78.246,3316
Apr 30 2021 01: +0,,78.894,2935
May 01 2021 01: +0,,78.529,2625
May 02 2021 01: +0,,76.795,2465
May 03 2021 01: +0,,74.654,1949
May 04 2021 01: +0,,74.938,2714
May 05 2021 01: +0,,75.811,3178
May 06 2021 01: +0,,75.824,3880
May 07 2021 01: +0,,78.062,2861
May 08 2021 01: +0,,80.017,3545
May 09 2021 01: +0,,80.944,5006
May 10 2021 01: +0,,81.996,4311
May 11 2021 01: +0,,82.956,5436
May 12 2021 01: +0,,84.389,2621
May 13 2021 01: +0,,83.334,2951
May 14 2021 01: +0,,82.402,2972
May 15 2021 01: +0,,83.815,2781
May 16 2021 01: +0,,84.554,3156
May 17 2021 01: +0,,82.394,2422
May 18 2021 01: +0,,81.914,2135
May 19 2021 01: +0,,83.227,2724
May 20 2021 01: +0,,81.804,2229
May 21 2021 01: +0,,81.21,2314
May 22 2021 01: +0,,81.539,2510
May 23 2021 01: +0,,81.076,2564
May 24 2021 01: +0,,81.664,2924
May 25 2021 01: +0,,80.691,2675
May 26 2021 01: +0,,82.379,2312
May 27 2021 01: +0,,83.015,2621
May 28 2021 01: +0,,83.915,3217
May 29 2021 01: +0,,83.862,3196
May 30 2021 01: +0,,85.201,3737
May 31 2021 01: +0,,86.049,2982
Jun 01 2021 01: +0,,86.845,2807
Jun 02 2021 01: +0,,87.149,3017
Jun 03 2021 01: +0,,88.645,3280
Jun 04 2021 01: +0,,91.475,5389
Jun 05 2021 01: +0,,95.982,3883
Jun 06 2021 01: +0,,96.384,3054
Jun 07 2021 01: +0,,97.253,3295
Jun 08 2021 01: +0,,96.128,2760
Jun 09 2021 01: +0,,98.228,3043
Jun 10 2021 01: +0,,100.243,2688
Jun 11 2021 01: +0,,101.988,2153
Jun 12 2021 01: +0,,99.912,2871
Jun 13 2021 01: +0,,91.051,3372
Jun 14 2021 01: +0,,90.456,2560
Jun 15 2021 01: +0,,90.703,3019
Jun 16 2021 01: +0,,92.183,2337
Jun 17 2021 01: +0,,90.331,2300
Jun 18 2021 01: +0,,93.114,3786
Jun 19 2021 01: +0,,89.059,2023
Jun 20 2021 01: +0,,88.231,2817
Jun 21 2021 01: +0,,87.661,3093
Jun 22 2021 01: +0,,88.047,3064
Jun 23 2021 01: +0,,86.971,2032
Jun 24 2021 01: +0,,81.82,3726
Jun 25 2021 01: +0,,76.555,3013
Jun 26 2021 01: +0,,80.948,2415
Jun 27 2021 01: +0,,79.592,1844
Jun 28 2021 01: +0,,81.894,3271
Jun 29 2021 01: +0,,86.733,3876
Jun 30 2021 01: +0,,92.196,3373
Jul 01 2021 01: +0,,91.904,2544
Jul 02 2021 01: +0,,91.013,2197
Jul 03 2021 01: +0,,90.408,3403
Jul 04 2021 01: +0,,87.649,2187
Jul 05 2021 01: +0,,85.729,2112
Jul 06 2021 01: +0,,84.241,1666
Jul 07 2021 01: +0,,86.868,3189
Jul 08 2021 01: +0,,84.049,2180
Jul 09 2021 01: +0,,87.45,3408
Jul 10 2021 01: +0,,86.016,1859
Jul 11 2021 01: +0,,84.539,1508
Jul 12 2021 01: +0,,84.495,2125
Jul 13 2021 01: +0,,83.016,2802
Jul 14 2021 01: +0,,80.592,2160
Jul 15 2021 01: +0,,78.644,2225
Jul 16 2021 01: +0,,79.36,1892
Jul 17 2021 01: +0,,78.55,2250
Jul 18 2021 01: +0,,77.894,1820
Jul 19 2021 01: +0,,77.929,2062
Jul 20 2021 01: +0,,76.107,2086
Jul 21 2021 01: +0,,77.667,2359
Jul 22 2021 01: +0,,74.676,1641
Jul 23 2021 01: +0,,76.471,1903
Jul 24 2021 01: +0,,80.676,2161
Jul 25 2021 01: +0,,80.353,1652
Jul 26 2021 01: +0,,76.238,2050
Jul 27 2021 01: +0,,81.804,1475
Jul 28 2021 01: +0,,83.711,2066
Jul 29 2021 01: +0,,81.682,2585
Jul 30 2021 01: +0,,83.789,2144
Jul 31 2021 01: +0,,85.412,2160
Aug 01 2021 01: +0,,86.027,1963
Aug 02 2021 01: +0,,86.468,1848
Aug 03 2021 01: +0,,86.27,2647
Aug 04 2021 01: +0,,86.85,2609
Aug 05 2021 01: +0,,92.752,1825
Aug 06 2021 01: +0,,85.539,2181
Aug 07 2021 01: +0,,88.343,1927
Aug 08 2021 01: +0,,85.335,2037
Aug 09 2021 01: +0,,84.823,1654
Aug 10 2021 01: +0,,84.723,1491
Aug 11 2021 01: +0,,84.822,1735
Aug 12 2021 01: +0,,82.906,2038
Aug 13 2021 01: +0,,82.75,1929
Aug 14 2021 01: +0,,78.091,2763
Aug 15 2021 01: +0,,80.123,1839
Aug 16 2021 01: +0,,76.701,1700
Aug 17 2021 01: +0,,79.912,2348
Aug 18 2021 01: +0,,82.315,2409
Aug 19 2021 01: +0,,80.984,2075
Aug 20 2021 01: +0,,79.305,3053
Aug 21 2021 01: +0,,82.183,2093
Aug 22 2021 01: +0,,84.254,1760
Aug 23 2021 01: +0,,83.211,1796
Aug 24 2021 01: +0,,82.647,2007
Aug 25 2021 01: +0,,82.961,1895
Aug 26 2021 01: +0,,82.292,1921
Aug 27 2021 01: +0,,82.295,2324
Aug 28 2021 01: +0,,80.721,1469
Aug 29 2021 01: +0,,77.544,1445
Aug 30 2021 01: +0,,80.177,2102
Aug 31 2021 01: +0,,81.119,2285
Sep 01 2021 01: +0,,83.163,1618
Sep 02 2021 01: +0,,84.729,2212
Sep 03 2021 01: +0,,85.711,1802
Sep 04 2021 01: +0,,87.129,2672
Sep 05 2021 01: +0,,86.21,2087
Sep 06 2021 01: +0,,86.499,2306
Sep 07 2021 01: +0,,87.34,2328
Sep 08 2021 01: +0,,86.689,2181
Sep 09 2021 01: +0,,88.877,3295
Sep 10 2021 01: +0,,91.443,3547
Sep 11 2021 01: +0,,93.089,2090
Sep 12 2021 01: +0,,89.517,2778
Sep 13 2021 01: +0,,88.506,1665
Sep 14 2021 01: +0,,91.133,1595
Sep 15 2021 01: +0,,88.405,1556
Sep 16 2021 01: +0,,88.984,2034
Sep 17 2021 01: +0,,89.286,1854
Sep 18 2021 01: +0,,88.451,1966
Sep 19 2021 01: +0,,83.007,1861
Sep 20 2021 01: +0,,81.667,2018
Sep 21 2021 01: +0,,80.508,1563
Sep 22 2021 01: +0,,69.841,2635
Sep 23 2021 01: +0,,67.489,1510
Sep 24 2021 01: +0,,70.627,1425
Sep 25 2021 01: +0,,67.288,1402
Sep 26 2021 01: +0,,64.29,1351
Sep 27 2021 01: +0,,65.231,1770
Sep 28 2021 01: +0,,62.44,1222
Sep 29 2021 01: +0,,60.887,1742
Sep 30 2021 01: +0,,65.321,2148
Oct 01 2021 01: +0,,68.21,1169
Oct 02 2021 01: +0,,67.612,1623
Oct 03 2021 01: +0,,66.808,2459
Oct 04 2021 01: +0,,64.432,1420
Oct 05 2021 01: +0,,64.277,1814
Oct 06 2021 01: +0,,63.77,1713
Oct 07 2021 01: +0,,65.872,1851
Oct 08 2021 01: +0,,67.632,2025
Oct 09 2021 01: +0,,66.56,1582
Oct 10 2021 01: +0,,65.1,1847
Oct 11 2021 01: +0,,65.63,1299
Oct 12 2021 01: +0,,63.129,1724
Oct 13 2021 01: +0,,65.71,1180
Oct 14 2021 01: +0,,65.483,1586
Oct 15 2021 01: +0,,69.113,1649
Oct 16 2021 01: +0,,70.982,1737
Oct 17 2021 01: +0,,73.175,1574
Oct 18 2021 01: +0,,70.726,1253
Oct 19 2021 01: +0,,69.126,1166
Oct 20 2021 01: +0,,68.411,1591
Oct 21 2021 01: +0,,74.906,4478
Oct 22 2021 01: +0,,69.409,1889
Oct 23 2021 01: +0,,70.719,3006
Oct 24 2021 01: +0,,74.646,2154
Oct 25 2021 01: +0,,70.474,1899
Oct 26 2021 01: +0,,65.88,1787
Oct 27 2021 01: +0,,63.746,1418
Oct 28 2021 01: +0,,65.202,1978
Oct 29 2021 01: +0,,65.768,2047
Oct 30 2021 01: +0,,65.042,2424
Oct 31 2021 01: +0,,63.723,2033
Nov 01 2021 01: +0,,64.351,2183
Nov 02 2021 01: +0,,64.654,1790
Nov 03 2021 01: +0,,66.226,2056
Nov 04 2021 01: +0,,67.253,1906
Nov 05 2021 01: +0,,69.031,2474
Nov 06 2021 01: +0,,70.6,4491
Nov 07 2021 01: +0,,69.539,1818
Nov 08 2021 01: +0,,64.817,1581
Nov 09 2021 01: +0,,60.714,1690
Nov 10 2021 01: +0,,63.527,2312
Nov 11 2021 01: +0,,63.08,1538
Nov 12 2021 01: +0,,63.645,1532
Nov 13 2021 01: +0,,62.481,2236
Nov 14 2021 01: +0,,59.791,1756
Nov 15 2021 01: +0,,60.079,1306
Nov 16 2021 01: +0,,60.473,1947
Nov 17 2021 01: +0,,59.08,1821
Nov 18 2021 01: +0,,57.698,1784
Nov 19 2021 01: +0,,55.589,1554
Nov 20 2021 01: +0,,59.444,1787
Nov 21 2021 01: +0,,59.741,1538
Nov 22 2021 01: +0,,58.253,1785
Nov 23 2021 01: +0,,56.742,1454
Nov 24 2021 01: +0,,56.825,1874
Nov 25 2021 01: +0,,55.022,2577
Nov 26 2021 01: +0,,61.327,2721
Nov 27 2021 01: +0,,58.731,2720
Nov 28 2021 01: +0,,54.543,1974
Nov 29 2021 01: +0,,55.467,1816
Nov 30 2021 01: +0,,59.847,3147
Dec 01 2021 01: +0,,57.309,1605
Dec 02 2021 01: +0,,63.018,2200
Dec 03 2021 01: +0,,63.383,3966
Dec 04 2021 01: +0,,63.804,1609
Dec 05 2021 01: +0,,63.796,1969
Dec 06 2021 01: +0,,62.347,1720
Dec 07 2021 01: +0,,61.833,1459
Dec 08 2021 01: +0,,61.913,1772
Dec 09 2021 01: +0,,63.283,1839
Dec 10 2021 01: +0,,65.054,1925
Dec 11 2021 01: +0,,64.022,1428
Dec 12 2021 01: +0,,62.868,1643
Dec 13 2021 01: +0,,64.713,1398
Dec 14 2021 01: +0,,67.601,1923
Dec 15 2021 01: +0,,62.318,1142
Dec 16 2021 01: +0,,63.049,1617
Dec 17 2021 01: +0,,65.83,1234
Dec 18 2021 01: +0,,64.768,1475
Dec 19 2021 01: +0,,66.383,1491
Dec 20 2021 01: +0,,64.54,1654
Dec 21 2021 01: +0,,61.892,1961
Dec 22 2021 01: +0,,60.572,2127
Dec 23 2021 01: +0,,61.322,2083
Dec 24 2021 01: +0,,65.829,1932
Dec 25 2021 01: +0,,65.691,1816
Dec 26 2021 01: +0,,62.642,1938
Dec 27 2021 01: +0,,64.234,1948
Dec 28 2021 01: +0,,68.609,2028
Dec 29 2021 01: +0,,68.019,2505
Dec 30 2021 01: +0,,65.823,2066
Dec 31 2021 01: +0,,69.031,2120
Jan 01 2022 01: +0,,70.814,1830
Jan 02 2022 01: +0,,67.602,1778
Jan 03 2022 01: +0,,70.1,1997
Jan 04 2022 01: +0,,71.758,2254
Jan 05 2022 01: +0,,71.253,1505
Jan 06 2022 01: +0,,72.182,1831
Jan 07 2022 01: +0,,73.211,1370
Jan 08 2022 01: +0,,76.709,1899
Jan 09 2022 01: +0,,74.674,1501
Jan 10 2022 01: +0,,74.403,1424
Jan 11 2022 01: +0,,74.459,1479
Jan 12 2022 01: +0,,75.752,1652
Jan 13 2022 01: +0,,75.511,1787
Jan 14 2022 01: +0,,79.188,2147
Jan 15 2022 01: +0,,79.168,2405
Jan 16 2022 01: +0,,76.776,1491
Jan 17 2022 01: +0,,80.398,1853
Jan 18 2022 01: +0,,77.932,1632
Jan 19 2022 01: +0,,79.613,2341
Jan 20 2022 01: +0,,82.66,2636
Jan 21 2022 01: +0,,84.285,2052
Jan 22 2022 01: +0,,82.513,1962
Jan 23 2022 01: +0,,81.931,2129
Jan 24 2022 01: +0,,79.243,1568
Jan 25 2022 01: +0,,79.549,1416
Jan 26 2022 01: +0,,78.124,1740
Jan 27 2022 01: +0,,78.614,1752
Jan 28 2022 01: +0,,76.193,2400
Jan 29 2022 01: +0,,75.363,2012
Jan 30 2022 01: +0,,75.276,1738
Jan 31 2022 01: +0,,79.81,2445
Feb 01 2022 01: +0,,75.804,1403
Feb 02 2022 01: +0,,75.453,2190
Feb 03 2022 01: +0,,76.632,1806
Feb 04 2022 01: +0,,75.306,1902
Feb 05 2022 01: +0,,78.212,2247
Feb 06 2022 01: +0,,75.933,2298
Feb 07 2022 01: +0,,77.682,2065
Feb 08 2022 01: +0,,75.154,1501
Feb 09 2022 01: +0,,74.761,1626
Feb 10 2022 01: +0,,74.585,1559
Feb 11 2022 01: +0,,76.093,1832
Feb 12 2022 01: +0,,76.23,2084
Feb 13 2022 01: +0,,73.841,1891
Feb 14 2022 01: +0,,73.497,1525
Feb 15 2022 01: +0,,76.109,1676
Feb 16 2022 01: +0,,75.127,1785
Feb 17 2022 01: +0,,74.445,1827
Feb 18 2022 01: +0,,77.041,2258
Feb 19 2022 01: +0,,76.18,2607
Feb 20 2022 01: +0,,76.724,1996
Feb 21 2022 01: +0,,77.21,1871
Feb 22 2022 01: +0,,75.146,1893
Feb 23 2022 01: +0,,74.812,2051
Feb 24 2022 01: +0,,74.554,1958
Feb 25 2022 01: +0,,75.174,2298
Feb 26 2022 01: +0,,72.794,2322
Feb 27 2022 01: +0,,73.396,2015
Feb 28 2022 01: +0,,74.015,2731
Mar 01 2022 01: +0,,72.431,2123
Mar 02 2022 01: +0,,71.819,1909
Mar 03 2022 01: +0,,73.478,2085
Mar 04 2022 01: +0,,74.187,2192
Mar 05 2022 01: +0,,75.858,2147
Mar 06 2022 01: +0,,75.509,1916
Mar 07 2022 01: +0,,75.133,2339
Mar 08 2022 01: +0,,73.867,3112
Mar 09 2022 01: +0,,75.241,2299
Mar 10 2022 01: +0,,75.899,1786
Mar 11 2022 01: +0,,76.535,2290
Mar 12 2022 01: +0,,77.521,2398
Mar 13 2022 01: +0,,77.898,2183
Mar 14 2022 01: +0,,79.746,1702
Mar 15 2022 01: +0,,77.78,1629
Mar 16 2022 01: +0,,79.713,2002
Mar 17 2022 01: +0,,79.412,1432
Mar 18 2022 01: +0,,80.921,1744
Mar 19 2022 01: +0,,78.897,1620
Mar 20 2022 01: +0,,80.098,1738
Mar 21 2022 01: +0,,81.857,1915
Mar 22 2022 01: +0,,80.421,1569
Mar 23 2022 01: +0,,81.577,1942
Mar 24 2022 01: +0,,81.132,1804
Mar 25 2022 01: +0,,80.761,3114
Mar 26 2022 01: +0,,83.521,1873
Mar 27 2022 01: +0,,80.349,1669
Mar 28 2022 01: +0,,82.762,1552
Mar 29 2022 01: +0,,79.259,1811
Mar 30 2022 01: +0,,85.894,1732
Mar 31 2022 01: +0,,81.967,1536
Apr 01 2022 01: +0,,83.179,2364
Apr 02 2022 01: +0,,86.847,2304
Apr 03 2022 01: +0,,88.193,2534
Apr 04 2022 01: +0,,91.976,1682
Apr 05 2022 01: +0,,93.205,2046
Apr 06 2022 01: +0,,92.059,1400
Apr 07 2022 01: +0,,94.308,2692
Apr 08 2022 01: +0,,100.514,4026
Apr 09 2022 01: +0,,106.382,3122
Apr 10 2022 01: +0,,102.929,3373
Apr 11 2022 01: +0,,99.267,1675
Apr 12 2022 01: +0,,94.535,1330
Apr 13 2022 01: +0,,93.245,1454
Apr 14 2022 01: +0,,97.999,2520
Apr 15 2022 01: +0,,93.449,1413
Apr 16 2022 01: +0,,97.934,1429
Apr 17 2022 01: +0,,94.811,1870
Apr 18 2022 01: +0,,92.051,1662
Apr 19 2022 01: +0,,93.815,1214
Apr 20 2022 01: +0,,94.928,1640
Apr 21 2022 01: +0,,91.885,1346
Apr 22 2022 01: +0,,94.651,2257
Apr 23 2022 01: +0,,97.652,2434
Apr 24 2022 01: +0,,100.251,1574
Apr 25 2022 01: +0,,97.56,1661
Apr 26 2022 01: +0,,96.833,1900
Apr 27 2022 01: +0,,96.847,2010
Apr 28 2022 01: +0,,94.772,2114
Apr 29 2022 01: +0,,94.502,1606
Apr 30 2022 01: +0,,94.8,1996
May 01 2022 01: +0,,94.506,2030
May 02 2022 01: +0,,95.434,2025
May 03 2022 01: +0,,93.03,2163
May 04 2022 01: +0,,93.227,1967
May 05 2022 01: +0,,94.43,2028
May 06 2022 01: +0,,95.849,2452
May 07 2022 01: +0,,96.077,2109
May 08 2022 01: +0,,95.628,2031
May 09 2022 01: +0,,95.161,1805
May 10 2022 01: +0,,93.027,2780
May 11 2022 01: +0,,93.401,2189
May 12 2022 01: +0,,94.082,2485
May 13 2022 01: +0,,93.736,3204
May 14 2022 01: +0,,95.938,1844
May 15 2022 01: +0,,96.365,2234
May 16 2022 01: +0,,96.299,2782
May 17 2022 01: +0,,98.647,1580
May 18 2022 01: +0,,98.365,1491
May 19 2022 01: +0,,96.797,1742
May 20 2022 01: +0,,98.882,2673
May 21 2022 01: +0,,97.942,1847
May 22 2022 01: +0,,91.72,4016
May 23 2022 01: +0,,92.58,2776
May 24 2022 01: +0,,93.371,2231
May 25 2022 01: +0,,95.213,2410
May 26 2022 01: +0,,95.137,2267
May 27 2022 01: +0,,97.042,2065
May 28 2022 01: +0,,100.205,2043
May 29 2022 01: +0,,101.695,2017
May 30 2022 01: +0,,100.928,1769
May 31 2022 01: +0,,101.419,1541
Jun 01 2022 01: +0,,102.898,1996
Jun 02 2022 01: +0,,104.912,1959
Jun 03 2022 01: +0,,103.268,2258
Jun 04 2022 01: +0,,103.178,2042
Jun 05 2022 01: +0,,102.742,1887
Jun 06 2022 01: +0,,100.138,1931
Jun 07 2022 01: +0,,97.794,2081
Jun 08 2022 01: +0,,101.754,1450
Jun 09 2022 01: +0,,99.2,1943
Jun 10 2022 01: +0,,100.244,1640
Jun 11 2022 01: +0,,99.574,2354
Jun 12 2022 01: +0,,101.975,1725
Jun 13 2022 01: +0,,99.485,1777
Jun 14 2022 01: +0,,99.806,1813
Jun 15 2022 01: +0,,101.271,2052
Jun 16 2022 01: +0,,100.106,1813
Jun 17 2022 01: +0,,103.456,2345
Jun 18 2022 01: +0,,98.252,2076
Jun 19 2022 01: +0,,98.828,1896
Jun 20 2022 01: +0,,99.097,2130
Jun 21 2022 01: +0,,100.204,1823
Jun 22 2022 01: +0,,97.247,1940
Jun 23 2022 01: +0,,96.36,1574
Jun 24 2022 01: +0,,93.971,1890
Jun 25 2022 01: +0,,97.608,2109
Jun 26 2022 01: +0,,95.263,2788
Jun 27 2022 01: +0,,95.282,1959
Jun 28 2022 01: +0,,93.936,2273
Jun 29 2022 01: +0,,96.617,2187
Jun 30 2022 01: +0,,97.37,1979
Jul 01 2022 01: +0,,98.39,2276
Jul 02 2022 01: +0,,100.598,2669
Jul 03 2022 01: +0,,101.122,2296
Jul 04 2022 01: +0,,101.604,2218
Jul 05 2022 01: +0,,99.967,1818
Jul 06 2022 01: +0,,95.988,1835
Jul 07 2022 01: +0,,99.636,1969
Jul 08 2022 01: +0,,100.72,1974
Jul 09 2022 01: +0,,99.97,1528
Jul 10 2022 01: +0,,100.479,1777
Jul 11 2022 01: +0,,101.56,1775
Jul 12 2022 01: +0,,101.771,1793
Jul 13 2022 01: +0,,102.905,2172
Jul 14 2022 01: +0,,100.82,1530
Jul 15 2022 01: +0,,101.697,2336
Jul 16 2022 01: +0,,105.192,3336
Jul 17 2022 01: +0,,105.055,2049
Jul 18 2022 01: +0,,106.607,1648
Jul 19 2022 01: +0,,109.711,1576
Jul 20 2022 01: +0,,113.954,1127
Jul 21 2022 01: +0,,110.179,1703
Jul 22 2022 01: +0,,124.825,2476
Jul 23 2022 01: +0,,123.569,1715
Jul 24 2022 01: +0,,114.322,2525
Jul 25 2022 01: +0,,117.987,1519
Jul 26 2022 01: +0,,116.164,2132
Jul 27 2022 01: +0,,117.961,1584
Jul 28 2022 01: +0,,117.478,1575
Jul 29 2022 01: +0,,119.57,1800
Jul 30 2022 01: +0,,121.484,1729
Jul 31 2022 01: +0,,121.232,2013
Aug 01 2022 01: +0,,119.647,1850
Aug 02 2022 01: +0,,116.44,1119
Aug 03 2022 01: +0,,119.911,2023
Aug 04 2022 01: +0,,115.453,1676
Aug 05 2022 01: +0,,120.175,2260
Aug 06 2022 01: +0,,118.622,1989
Aug 07 2022 01: +0,,116.653,1883
Aug 08 2022 01: +0,,117.129,2264
Aug 09 2022 01: +0,,113.742,1168
Aug 10 2022 01: +0,,118.909,1566
Aug 11 2022 01: +0,,120.948,1965
Aug 12 2022 01: +0,,123.133,1705
Aug 13 2022 01: +0,,122.789,2120
Aug 14 2022 01: +0,,120.717,2021
Aug 15 2022 01: +0,,120.66,1394
Aug 16 2022 01: +0,,119.818,1989
Aug 17 2022 01: +0,,122.833,2339
Aug 18 2022 01: +0,,117.899,1325
Aug 19 2022 01: +0,,115.596,1679
Aug 20 2022 01: +0,,117.94,2333
Aug 21 2022 01: +0,,118.001,1632
Aug 22 2022 01: +0,,118.826,1358
Aug 23 2022 01: +0,,116.071,1715
Aug 24 2022 01: +0,,112.115,1876
Aug 25 2022 01: +0,,107.711,1778
Aug 26 2022 01: +0,,113.568,2124
Aug 27 2022 01: +0,,112.002,1850
Aug 28 2022 01: +0,,109.57,1230
Aug 29 2022 01: +0,,109.105,1400
Aug 30 2022 01: +0,,113.613,3626
Aug 31 2022 01: +0,,125.433,4360
Sep 01 2022 01: +0,,129.753,3447
Sep 02 2022 01: +0,,119.792,2946
Sep 03 2022 01: +0,,125.228,2748
Sep 04 2022 01: +0,,122.961,1870
Sep 05 2022 01: +0,,127.485,2155
Sep 06 2022 01: +0,,125.102,2192
Sep 07 2022 01: +0,,126.255,1831
Sep 08 2022 01: +0,,124.307,1347
Sep 09 2022 01: +0,,124.349,1815
Sep 10 2022 01: +0,,124.285,1810
Sep 11 2022 01: +0,,126.47,2069
Sep 12 2022 01: +0,,124.721,1499
Sep 13 2022 01: +0,,124.364,2103
Sep 14 2022 01: +0,,126.638,2635
Sep 15 2022 01: +0,,123.778,1847
Sep 16 2022 01: +0,,119.046,1733
Sep 17 2022 01: +0,,120.931,2389
Sep 18 2022 01: +0,,121.196,2223
Sep 19 2022 01: +0,,117.753,1780
Sep 20 2022 01: +0,,114.285,1415
Sep 21 2022 01: +0,,111.874,1585
Sep 22 2022 01: +0,,108.535,1998
Sep 23 2022 01: +0,,108.58,1522
Sep 24 2022 01: +0,,113.225,2245
Sep 25 2022 01: +0,,110.428,1635
Sep 26 2022 01: +0,,108.525,1402
Sep 27 2022 01: +0,,104.312,1523
Sep 28 2022 01: +0,,107.59,1856
Sep 29 2022 01: +0,,112.647,2082
Sep 30 2022 01: +0,,111.913,1237
Oct 01 2022 01: +0,,111.566,2153
Oct 02 2022 01: +0,,110.703,1512
Oct 03 2022 01: +0,,110.067,1055
Oct 04 2022 01: +0,,108.199,1997
Oct 05 2022 01: +0,,109.479,1714
Oct 06 2022 01: +0,,107.095,1312
Oct 07 2022 01: +0,,108.496,2999
Oct 08 2022 01: +0,,109.136,1778
Oct 09 2022 01: +0,,106.948,1818
Oct 10 2022 01: +0,,112.22,1602
Oct 11 2022 01: +0,,113.049,1708
Oct 12 2022 01: +0,,107.143,934
Oct 13 2022 01: +0,,109.096,1657
Oct 14 2022 01: +0,,105.194,1084
Oct 15 2022 01: +0,,110.689,1739
Oct 16 2022 01: +0,,109.312,1497
Oct 17 2022 01: +0,,110.045,1513
Oct 18 2022 01: +0,,110.095,1343
Oct 19 2022 01: +0,,112.715,1535
Oct 20 2022 01: +0,,109.784,1202
Oct 21 2022 01: +0,,108.522,1582
Oct 22 2022 01: +0,,106.807,1603
Oct 23 2022 01: +0,,104.591,1747
Oct 24 2022 01: +0,,107.526,1425
Oct 25 2022 01: +0,,109.473,1774
Oct 26 2022 01: +0,,108.279,1461
Oct 27 2022 01: +0,,104.254,1571
Oct 28 2022 01: +0,,104.82,1635
Oct 29 2022 01: +0,,105.553,2106
Oct 30 2022 01: +0,,104.555,1745
Oct 31 2022 01: +0,,102.111,1917
Nov 01 2022 01: +0,,99.5,2240
Nov 02 2022 01: +0,,102.921,1947
Nov 03 2022 01: +0,,108.34,2519
Nov 04 2022 01: +0,,113.026,1657
Nov 05 2022 01: +0,,111.759,1700
Nov 06 2022 01: +0,,108.031,1620
Nov 07 2022 01: +0,,108.157,1395
Nov 08 2022 01: +0,,110.513,1184
Nov 09 2022 01: +0,,109.272,1067
Nov 10 2022 01: +0,,108.012,1150
Nov 11 2022 01: +0,,113.384,1670
Nov 12 2022 01: +0,,110.281,1347
Nov 13 2022 01: +0,,111.61,1310
Nov 14 2022 01: +0,,109.776,1316
Nov 15 2022 01: +0,,111.522,1594
Nov 16 2022 01: +0,,109.421,1657
Nov 17 2022 01: +0,,103.32,1025
Nov 18 2022 01: +0,,105.411,1529
Nov 19 2022 01: +0,,101.037,1637
Nov 20 2022 01: +0,,100.775,1117
Nov 21 2022 01: +0,,104.667,1732
Nov 22 2022 01: +0,,98.71,1550
Nov 23 2022 01: +0,,90.241,1673
Nov 24 2022 01: +0,,88.473,1993
Nov 25 2022 01: +0,,91.597,1599
Nov 26 2022 01: +0,,91.696,1673
Nov 27 2022 01: +0,,93.672,1554
Nov 28 2022 01: +0,,94.19,1434
Nov 29 2022 01: +0,,93.4,1235
Nov 30 2022 01: +0,,98.516,1256
Dec 01 2022 01: +0,,103.272,1272
Dec 02 2022 01: +0,,103.084,1372
Dec 03 2022 01: +0,,101.406,1600
Dec 04 2022 01: +0,,103.591,2301
Dec 05 2022 01: +0,,105.174,2354
Dec 06 2022 01: +0,,105.845,1458
Dec 07 2022 01: +0,,103.893,1270
Dec 08 2022 01: +0,,103.712,1477
Dec 09 2022 01: +0,,102.183,2698
Dec 10 2022 01: +0,,101.477,1551
Dec 11 2022 01: +0,,99.869,1434
Dec 12 2022 01: +0,,102.203,1161
Dec 13 2022 01: +0,,104.129,1868
Dec 14 2022 01: +0,,100.687,1360
Dec 15 2022 01: +0,,104.072,1639
Dec 16 2022 01: +0,,107.402,1828
Dec 17 2022 01: +0,,107.28,2053
Dec 18 2022 01: +0,,106.079,2355
Dec 19 2022 01: +0,,104.309,1279
Dec 20 2022 01: +0,,101.482,2324
Dec 21 2022 01: +0,,102.053,2550
Dec 22 2022 01: +0,,102.868,2378
Dec 23 2022 01: +0,,103.691,2416
Dec 24 2022 01: +0,,107.598,1814
Dec 25 2022 01: +0,,110.241,2072
Dec 26 2022 01: +0,,108.269,2053
Dec 27 2022 01: +0,,106.974,1882
Dec 28 2022 01: +0,,107.247,2546
Dec 29 2022 01: +0,,106.6,2122
Dec 30 2022 01: +0,,106.273,2770
Dec 31 2022 01: +0,,105.134,1610
Jan 01 2023 01: +0,,104.812,2047
Jan 02 2023 01: +0,,106.514,2578
Jan 03 2023 01: +0,,105.917,2722
Jan 04 2023 01: +0,,107.111,2498
Jan 05 2023 01: +0,,107.082,1721
Jan 06 2023 01: +0,,110.75,2285
Jan 07 2023 01: +0,,110.236,2406
Jan 08 2023 01: +0,,108.133,1526
Jan 09 2023 01: +0,,111.454,1651
Jan 10 2023 01: +0,,110.17,1547
Jan 11 2023 01: +0,,113.289,1663
Jan 12 2023 01: +0,,113.911,1519
Jan 13 2023 01: +0,,122.006,2065
Jan 14 2023 01: +0,,117.081,1714
Jan 15 2023 01: +0,,117.083,1678
Jan 16 2023 01: +0,,118.915,1565
Jan 17 2023 01: +0,,117.662,1789
Jan 18 2023 01: +0,,119.718,2185
Jan 19 2023 01: +0,,119.714,1561
Jan 20 2023 01: +0,,122.102,1757
Jan 21 2023 01: +0,,124.151,2001
Jan 22 2023 01: +0,,124.929,2168
Jan 23 2023 01: +0,,129.706,2277
Jan 24 2023 01: +0,,126.19,1599
Jan 25 2023 01: +0,,128.143,1758
Jan 26 2023 01: +0,,128.541,1504
Jan 27 2023 01: +0,,129.278,1439
Jan 28 2023 01: +0,,128.364,2041
Jan 29 2023 01: +0,,123.961,1642
Jan 30 2023 01: +0,,128.558,1904
Jan 31 2023 01: +0,,131.93,2329
Feb 01 2023 01: +0,,134.729,2346
Feb 02 2023 01: +0,,131.215,1862
Feb 03 2023 01: +0,,138.978,2434
Feb 04 2023 01: +0,,143.494,2257
Feb 05 2023 01: +0,,141.235,2528
Feb 06 2023 01: +0,,144.572,1807
Feb 07 2023 01: +0,,139.641,1974
Feb 08 2023 01: +0,,138.327,1733
Feb 09 2023 01: +0,,140.529,2390
Feb 10 2023 01: +0,,144.651,1973
Feb 11 2023 01: +0,,145.936,2097
Feb 12 2023 01: +0,,145.607,2400
Feb 13 2023 01: +0,,149.975,1908
Feb 14 2023 01: +0,,151.052,1473
Feb 15 2023 01: +0,,151.479,1965
Feb 16 2023 01: +0,,154.714,2490
Feb 17 2023 01: +0,,159.355,2124
Feb 18 2023 01: +0,,156.601,2274
Feb 19 2023 01: +0,,159.623,2442
Feb 20 2023 01: +0,,153.857,1653
Feb 21 2023 01: +0,,150.16,1954
Feb 22 2023 01: +0,,150.712,2202
Feb 23 2023 01: +0,,142.444,2979
Feb 24 2023 01: +0,,144.1,2233
Feb 25 2023 01: +0,,148.141,2686
Feb 26 2023 01: +0,,150.381,2576
Feb 27 2023 01: +0,,145.811,2315
Feb 28 2023 01: +0,,145.958,1896
Mar 01 2023 01: +0,,147.661,2246
Mar 02 2023 01: +0,,154.197,3208
Mar 03 2023 01: +0,,154.735,3035
Mar 04 2023 01: +0,,159.922,3046
Mar 05 2023 01: +0,,155.592,2914
Mar 06 2023 01: +0,,150.079,2582
Mar 07 2023 01: +0,,148.724,2695
Mar 08 2023 01: +0,,145.408,5501
Mar 09 2023 01: +0,,153.182,3477
Mar 10 2023 01: +0,,156.675,3821
Mar 11 2023 01: +0,,162.454,3203
Mar 12 2023 01: +0,,162.624,2994
Mar 13 2023 01: +0,,163.269,2665
Mar 14 2023 01: +0,,165.477,2673
Mar 15 2023 01: +0,,169.045,2475
Mar 16 2023 01: +0,,171.357,2840
Mar 17 2023 01: +0,,167.517,3706
Mar 18 2023 01: +0,,165.78,3208
Mar 19 2023 01: +0,,163.898,2820
Mar 20 2023 01: +0,,162.171,3352
Mar 21 2023 01: +0,,163.514,2729
Mar 22 2023 01: +0,,162.243,4922
Mar 23 2023 01: +0,,169.08,7280
Mar 24 2023 01: +0,,196.05,6103
Mar 25 2023 01: +0,,227.898,4310
Mar 26 2023 01: +0,,221.869,4809
Mar 27 2023 01: +0,,219.033,4677
Mar 28 2023 01: +0,,219.365,3803
Mar 29 2023 01: +0,,212.717,4321
Mar 30 2023 01: +0,,223.025,4642
Mar 31 2023 01: +0,,248.407,5112
Apr 01 2023 01: +0,,272.795,4271
Apr 02 2023 01: +0,,260.407,3840
Apr 03 2023 01: +0,,253.874,4830
Apr 04 2023 01: +0,,262.936,5117
Apr 05 2023 01: +0,,283.111,5710
Apr 06 2023 01: +0,,285.919,5040
Apr 07 2023 01: +0,,315.076,5128
Apr 08 2023 01: +0,,314.383,4147
Apr 09 2023 01: +0,,305.841,4736
Apr 10 2023 01: +0,,301.007,4674
Apr 11 2023 01: +0,,292.583,4306
Apr 12 2023 01: +0,,292.867,4774
Apr 13 2023 01: +0,,304.308,4425
Apr 14 2023 01: +0,,313.28,3922
Apr 15 2023 01: +0,,326.162,4035
Apr 16 2023 01: +0,,334.39,4341
Apr 17 2023 01: +0,,327.38,4727
Apr 18 2023 01: +0,,321.078,3754
Apr 19 2023 01: +0,,321.628,4640
Apr 20 2023 01: +0,,308.572,4830
Apr 21 2023 01: +0,,306.856,5427
Apr 22 2023 01: +0,,294.093,4112
Apr 23 2023 01: +0,,280.232,4352
Apr 24 2023 01: +0,,277.939,4052
Apr 25 2023 01: +0,,270.199,4798
Apr 26 2023 01: +0,,265.33,4184
Apr 27 2023 01: +0,,266.857,3848
Apr 28 2023 01: +0,,265.452,4544
Apr 29 2023 01: +0,,274.1,4028
Apr 30 2023 01: +0,,286.578,4930
May 01 2023 01: +0,,285.776,3609
May 02 2023 01: +0,,275.061,3662
May 03 2023 01: +0,,287.163,3310
May 04 2023 01: +0,,281.652,3356
May 05 2023 01: +0,,283.973,4487
May 06 2023 01: +0,,274.906,3850
May 07 2023 01: +0,,275.293,3468
May 08 2023 01: +0,,260.879,2655
May 09 2023 01: +0,,259.953,2861
May 10 2023 01: +0,,270.157,2771
May 11 2023 01: +0,,257.416,3199
May 12 2023 01: +0,,266.635,3543
May 13 2023 01: +0,,265.645,2981
May 14 2023 01: +0,,264.597,2892
May 15 2023 01: +0,,276.611,2647
May 16 2023 01: +0,,266.653,2340
May 17 2023 01: +0,,271.417,2942
May 18 2023 01: +0,,275.836,2981
May 19 2023 01: +0,,279.009,3199
May 20 2023 01: +0,,281.073,2812
May 21 2023 01: +0,,282.146,2838
May 22 2023 01: +0,,276.186,2482
May 23 2023 01: +0,,276.916,2225
May 24 2023 01: +0,,271.389,2868
May 25 2023 01: +0,,279.234,2469
May 26 2023 01: +0,,277.023,2505
May 27 2023 01: +0,,286.355,3248
May 28 2023 01: +0,,284.804,2528
May 29 2023 01: +0,,281.61,2886
May 30 2023 01: +0,,280.907,2355
May 31 2023 01: +0,,286.164,2227
Jun 01 2023 01: +0,,287.934,2458
Jun 02 2023 01: +0,,292.276,2382
Jun 03 2023 01: +0,,291.911,2196
Jun 04 2023 01: +0,,297.777,2113
Jun 05 2023 01: +0,,295.217,2261
Jun 06 2023 01: +0,,301.752,2124
Jun 07 2023 01: +0,,299.23,2419
Jun 08 2023 01: +0,,299.229,2397
Jun 09 2023 01: +0,,300.945,1965
Jun 10 2023 01: +0,,303.805,2260
Jun 11 2023 01: +0,,305.712,2348
Jun 12 2023 01: +0,,308.634,2176
Jun 13 2023 01: +0,,312.295,2255
Jun 14 2023 01: +0,,288.403,2494
Jun 15 2023 01: +0,,306.002,1962
Jun 16 2023 01: +0,,307.372,2295
Jun 17 2023 01: +0,,312.24,2001
Jun 18 2023 01: +0,,319.791,2391
Jun 19 2023 01: +0,,313.342,1579
Jun 20 2023 01: +0,,307.897,1632
Jun 21 2023 01: +0,,300.378,1409
Jun 22 2023 01: +0,,293.436,1560
Jun 23 2023 01: +0,,291.687,2699
Jun 24 2023 01: +0,,286.486,2103
Jun 25 2023 01: +0,,283.936,1844
Jun 26 2023 01: +0,,285.216,1842
Jun 27 2023 01: +0,,281.023,1401
Jun 28 2023 01: +0,,281.58,1896
Jun 29 2023 01: +0,,273.885,2008
Jun 30 2023 01: +0,,265.569,2274
Jul 01 2023 01: +0,,265.894,2185
Jul 02 2023 01: +0,,265.628,2439
Jul 03 2023 01: +0,,270.114,1926
Jul 04 2023 01: +0,,274.737,1496
Jul 05 2023 01: +0,,268.63,1632
Jul 06 2023 01: +0,,262.522,1428
Jul 07 2023 01: +0,,265.629,1864
Jul 08 2023 01: +0,,271.717,2120
Jul 09 2023 01: +0,,270.958,1937
Jul 10 2023 01: +0,,268.079,2043
Jul 11 2023 01: +0,,258.314,1859
Jul 12 2023 01: +0,,256.576,1832
Jul 13 2023 01: +0,,259.449,2285
Jul 14 2023 01: +0,,277.952,2093
Jul 15 2023 01: +0,,284.772,2638
Jul 16 2023 01: +0,,282.669,3223
Jul 17 2023 01: +0,,282.313,2225
Jul 18 2023 01: +0,,287.868,2240
Jul 19 2023 01: +0,,284.898,1674
Jul 20 2023 01: +0,,298.695,2864
Jul 21 2023 01: +0,,294.477,1943
Jul 22 2023 01: +0,,305.537,2968
Jul 23 2023 01: +0,,306.605,2585
Jul 24 2023 01: +0,,302.866,1823
Jul 25 2023 01: +0,,308.134,2694
Jul 26 2023 01: +0,,315.584,2302
Jul 27 2023 01: +0,,323.547,2437
Jul 28 2023 01: +0,,317.347,1661
Jul 29 2023 01: +0,,318.343,1865
Jul 30 2023 01: +0,,322.931,2392
Jul 31 2023 01: +0,,319.613,1733
Aug 01 2023 01: +0,,327.388,1912
Aug 02 2023 01: +0,,316.682,1917
Aug 03 2023 01: +0,,324.447,2466
Aug 04 2023 01: +0,,313.688,1972
Aug 05 2023 01: +0,,324.107,2314
Aug 06 2023 01: +0,,311.927,2120
Aug 07 2023 01: +0,,305.156,2067
Aug 08 2023 01: +0,,306.389,1554
Aug 09 2023 01: +0,,305.946,1645
Aug 10 2023 01: +0,,301.062,1305
Aug 11 2023 01: +0,,305.593,1446
Aug 12 2023 01: +0,,301.46,1552
Aug 13 2023 01: +0,,291.323,1391
Aug 14 2023 01: +0,,296.313,1192
Aug 15 2023 01: +0,,296.252,1274
Aug 16 2023 01: +0,,292.503,1471
Aug 17 2023 01: +0,,295.497,1252
Aug 18 2023 01: +0,,292.222,2152
Aug 19 2023 01: +0,,304.878,2048
Aug 20 2023 01: +0,,295.904,1324
Aug 21 2023 01: +0,,292.29,1127
Aug 22 2023 01: +0,,287.847,1367
Aug 23 2023 01: +0,,293.5,1921
Aug 24 2023 01: +0,,289.965,1454
Aug 25 2023 01: +0,,290.305,1679
Aug 26 2023 01: +0,,294.551,1907
Aug 27 2023 01: +0,,293.394,1618
Aug 28 2023 01: +0,,280.7,1251
Aug 29 2023 01: +0,,293.157,1852
Aug 30 2023 01: +0,,289.651,1834
Aug 31 2023 01: +0,,288.196,1661
Sep 01 2023 01: +0,,294.595,1421
Sep 02 2023 01: +0,,280.0,1307
Sep 03 2023 01: +0,,290.771,1487
Sep 04 2023 01: +0,,278.64,1424
Sep 05 2023 01: +0,,286.125,2038
Sep 06 2023 01: +0,,288.019,1625
Sep 07 2023 01: +0,,289.928,1737
Sep 08 2023 01: +0,,284.808,1671
Sep 09 2023 01: +0,,285.555,2183
Sep 10 2023 01: +0,,278.62,1196
Sep 11 2023 01: +0,,284.175,2017
Sep 12 2023 01: +0,,293.198,1632
Sep 13 2023 01: +0,,290.365,1622
Sep 14 2023 01: +0,,289.159,1697
Sep 15 2023 01: +0,,297.996,2153
Sep 16 2023 01: +0,,296.619,1767
Sep 17 2023 01: +0,,297.871,1915
Sep 18 2023 01: +0,,298.33,2061
Sep 19 2023 01: +0,,298.238,1666
Sep 20 2023 01: +0,,295.773,1490
Sep 21 2023 01: +0,,290.409,1607
Sep 22 2023 01: +0,,291.964,1511
Sep 23 2023 01: +0,,297.89,1876
Sep 24 2023 01: +0,,294.172,1966
Sep 25 2023 01: +0,,293.686,1952
Sep 26 2023 01: +0,,292.817,3061
Sep 27 2023 01: +0,,290.814,3052
Sep 28 2023 01: +0,,307.712,4110
Sep 29 2023 01: +0,,309.847,3480
Sep 30 2023 01: +0,,314.266,3993
Oct 01 2023 01: +0,,304.273,3606
Oct 02 2023 01: +0,,318.746,3189
Oct 03 2023 01: +0,,314.226,2813
Oct 04 2023 01: +0,,311.912,2895
Oct 05 2023 01: +0,,316.401,3553
Oct 06 2023 01: +0,,315.907,2936
Oct 07 2023 01: +0,,314.418,3685
Oct 08 2023 01: +0,,312.328,3398
Oct 09 2023 01: +0,,311.247,2778
Oct 10 2023 01: +0,,312.116,2825
Oct 11 2023 01: +0,,312.976,2443
Oct 12 2023 01: +0,,314.057,2616
Oct 13 2023 01: +0,,317.352,3666
Oct 14 2023 01: +0,,311.351,3807
Oct 15 2023 01: +0,,313.036,3049
Oct 16 2023 01: +0,,312.623,2376
Oct 17 2023 01: +0,,316.341,2780
Oct 18 2023 01: +0,,315.022,2629
Oct 19 2023 01: +0,,317.038,2728
Oct 20 2023 01: +0,,321.854,2883
Oct 21 2023 01: +0,,324.255,3196
Oct 22 2023 01: +0,,322.922,2854
Oct 23 2023 01: +0,,323.346,2143
Oct 24 2023 01: +0,,330.48,2450
Oct 25 2023 01: +0,,325.369,2382
Oct 26 2023 01: +0,,322.894,1935
Oct 27 2023 01: +0,,322.847,2634
Oct 28 2023 01: +0,,318.45,2460
Oct 29 2023 01: +0,,310.686,2324
Oct 30 2023 01: +0,,305.722,2308
Oct 31 2023 01: +0,,316.637,1806
Nov 01 2023 01: +0,,305.535,1733
Nov 02 2023 01: +0,,307.841,2446
Nov 03 2023 01: +0,,308.32,2259
Nov 04 2023 01: +0,,309.857,2606
Nov 05 2023 01: +0,,306.237,1397
Nov 06 2023 01: +0,,308.052,1543
Nov 07 2023 01: +0,,306.842,1555
Nov 08 2023 01: +0,,301.837,1965
Nov 09 2023 01: +0,,306.687,1927
Nov 10 2023 01: +0,,301.569,1836
Nov 11 2023 01: +0,,301.324,1909
Nov 12 2023 01: +0,,295.093,1697
Nov 13 2023 01: +0,,289.961,1479
Nov 14 2023 01: +0,,290.766,1610
Nov 15 2023 01: +0,,275.9,2034
Nov 16 2023 01: +0,,278.116,2766
Nov 17 2023 01: +0,,267.094,1881
Nov 18 2023 01: +0,,265.65,2060
Nov 19 2023 01: +0,,267.737,1819
Nov 20 2023 01: +0,,265.703,1567
Nov 21 2023 01: +0,,263.915,1534
Nov 22 2023 01: +0,,249.343,2339
Nov 23 2023 01: +0,,244.602,1698
Nov 24 2023 01: +0,,254.759,1761
Nov 25 2023 01: +0,,257.59,1984
Nov 26 2023 01: +0,,254.0,1862
Nov 27 2023 01: +0,,252.382,1537
Nov 28 2023 01: +0,,248.157,1382
Nov 29 2023 01: +0,,257.571,1497
Nov 30 2023 01: +0,,267.959,1620
Dec 01 2023 01: +0,,271.516,1516
Dec 02 2023 01: +0,,272.628,1697
Dec 03 2023 01: +0,,274.143,1779
Dec 04 2023 01: +0,,276.316,1392
Dec 05 2023 01: +0,,277.447,1199
Dec 06 2023 01: +0,,268.933,1015
Dec 07 2023 01: +0,,268.629,1336
Dec 08 2023 01: +0,,270.053,1456
Dec 09 2023 01: +0,,275.098,1683
Dec 10 2023 01: +0,,273.711,1377
Dec 11 2023 01: +0,,269.408,1061
Dec 12 2023 01: +0,,276.809,1238
Dec 13 2023 01: +0,,272.225,1631
Dec 14 2023 01: +0,,267.599,1769
Dec 15 2023 01: +0,,276.559,1777
Dec 16 2023 01: +0,,276.716,1395
Dec 17 2023 01: +0,,276.366,1508
Dec 18 2023 01: +0,,267.782,1221
Dec 19 2023 01: +0,,273.054,959
Dec 20 2023 01: +0,,267.789,1205
Dec 21 2023 01: +0,,265.213,1512
Dec 22 2023 01: +0,,261.747,2035
Dec 23 2023 01: +0,,264.453,1473
Dec 24 2023 01: +0,,268.458,1581
Dec 25 2023 01: +0,,272.851,1877
Dec 26 2023 01: +0,,278.361,1778
Dec 27 2023 01: +0,,272.336,1491
Dec 28 2023 01: +0,,266.585,1286
Dec 29 2023 01: +0,,273.764,1434
Dec 30 2023 01: +0,,277.065,1604
Dec 31 2023 01: +0,,276.389,1320
Jan 01 2024 01: +0,,274.539,1440
Jan 02 2024 01: +0,,264.103,1338
Jan 03 2024 01: +0,,265.862,1534
Jan 04 2024 01: +0,,264.811,1488
Jan 05 2024 01: +0,,270.187,1168
Jan 06 2024 01: +0,,278.86,1179
Jan 07 2024 01: +0,,277.774,1364
Jan 08 2024 01: +0,,280.597,1614
Jan 09 2024 01: +0,,281.641,888
Jan 10 2024 01: +0,,280.123,1050
Jan 11 2024 01: +0,,283.61,1025
Jan 12 2024 01: +0,,285.609,1359
Jan 13 2024 01: +0,,281.041,1345
Jan 14 2024 01: +0,,281.235,1088
Jan 15 2024 01: +0,,285.393,1096
Jan 16 2024 01: +0,,273.175,796
Jan 17 2024 01: +0,,267.859,1033
Jan 18 2024 01: +0,,269.933,1283
Jan 19 2024 01: +0,,270.599,1597
Jan 20 2024 01: +0,,271.441,1545
Jan 21 2024 01: +0,,268.733,1326
Jan 22 2024 01: +0,,260.667,1680
Jan 23 2024 01: +0,,257.024,1134
Jan 24 2024 01: +0,,248.193,1007
Jan 25 2024 01: +0,,247.402,1097
Jan 26 2024 01: +0,,248.825,1263
Jan 27 2024 01: +0,,253.314,1379
Jan 28 2024 01: +0,,246.822,968
Jan 29 2024 01: +0,,235.673,1010
Jan 30 2024 01: +0,,246.125,1226
Jan 31 2024 01: +0,,243.819,1089
Feb 01 2024 01: +0,,245.084,1209
Feb 02 2024 01: +0,,259.346,1993
Feb 03 2024 01: +0,,263.762,1335
Feb 04 2024 01: +0,,262.701,1367
Feb 05 2024 01: +0,,266.166,1180
Feb 06 2024 01: +0,,265.477,929
Feb 07 2024 01: +0,,251.131,1306
Feb 08 2024 01: +0,,247.511,1371
Feb 09 2024 01: +0,,244.268,1999
Feb 10 2024 01: +0,,246.346,2342
Feb 11 2024 01: +0,,239.577,1533
Feb 12 2024 01: +0,,242.572,1445
Feb 13 2024 01: +0,,252.592,1352
Feb 14 2024 01: +0,,249.087,1421
Feb 15 2024 01: +0,,250.277,1201
Feb 16 2024 01: +0,,248.567,1114
Feb 17 2024 01: +0,,249.562,1843
Feb 18 2024 01: +0,,245.662,1468
Feb 19 2024 01: +0,,236.673,1129
Feb 20 2024 01: +0,,235.437,1522
Feb 21 2024 01: +0,,233.991,1174
Feb 22 2024 01: +0,,234.451,1208
Feb 23 2024 01: +0,,233.433,1607
Feb 24 2024 01: +0,,247.691,1628
Feb 25 2024 01: +0,,242.962,1460
Feb 26 2024 01: +0,,245.041,1281
Feb 27 2024 01: +0,,243.584,1190
Feb 28 2024 01: +0,,245.779,1089
Feb 29 2024 01: +0,,248.945,1540
Mar 01 2024 01: +0,,254.316,1724
Mar 02 2024 01: +0,,254.939,1468
Mar 03 2024 01: +0,,255.972,1780
Mar 04 2024 01: +0,,261.594,1354
Mar 05 2024 01: +0,,262.348,1231
Mar 06 2024 01: +0,,263.97,1388
Mar 07 2024 01: +0,,264.753,1543
Mar 08 2024 01: +0,,267.345,1263
Mar 09 2024 01: +0,,270.724,1955
Mar 10 2024 01: +0,,266.507,1422
Mar 11 2024 01: +0,,264.725,1027
Mar 12 2024 01: +0,,262.207,1323
Mar 13 2024 01: +0,,251.031,885
Mar 14 2024 01: +0,,250.563,1816
Mar 15 2024 01: +0,,241.686,1522
Mar 16 2024 01: +0,,244.936,1600
Mar 17 2024 01: +0,,246.527,1381
Mar 18 2024 01: +0,,245.736,895
Mar 19 2024 01: +0,,245.34,999
Mar 20 2024 01: +0,,243.735,1180
Mar 21 2024 01: +0,,235.162,1016
Mar 22 2024 01: +0,,252.776,1612
Mar 23 2024 01: +0,,256.825,1301
Mar 24 2024 01: +0,,258.283,1203
Mar 25 2024 01: +0,,258.707,1308
Mar 26 2024 01: +0,,257.127,792
Mar 27 2024 01: +0,,260.724,1343
Mar 28 2024 01: +0,,262.068,1173
Mar 29 2024 01: +0,,259.869,1136
Mar 30 2024 01: +0,,267.442,1578
Mar 31 2024 01: +0,,266.484,1131
Apr 01 2024 01: +0,,271.695,1456
Apr 02 2024 01: +0,,271.252,839
Apr 03 2024 01: +0,,273.255,1319
Apr 04 2024 01: +0,,276.524,1093
Apr 05 2024 01: +0,,279.191,2009
Apr 06 2024 01: +0,,282.861,1816
Apr 07 2024 01: +0,,287.838,1577
Apr 08 2024 01: +0,,290.091,1352
Apr 09 2024 01: +0,,289.883,1131
Apr 10 2024 01: +0,,282.506,1489
Apr 11 2024 01: +0,,280.498,1284
Apr 12 2024 01: +0,,292.572,1200
Apr 13 2024 01: +0,,297.105,1623
Apr 14 2024 01: +0,,296.276,1539
Apr 15 2024 01: +0,,299.916,1174
Apr 16 2024 01: +0,,289.846,841
Apr 17 2024 01: +0,,294.492,1383
Apr 18 2024 01: +0,,289.461,1164
Apr 19 2024 01: +0,,286.313,1536
Apr 20 2024 01: +0,,289.122,1983
Apr 21 2024 01: +0,,290.904,994
Apr 22 2024 01: +0,,280.74,980
Apr 23 2024 01: +0,,286.537,727
Apr 24 2024 01: +0,,278.167,740
Apr 25 2024 01: +0,,287.735,1019
Apr 26 2024 01: +0,,278.926,1102
Apr 27 2024 01: +0,,283.037,1152
Apr 28 2024 01: +0,,284.929,990
Apr 29 2024 01: +0,,279.797,1418
Apr 30 2024 01: +0,,280.749,1243
May 01 2024 01: +0,,279.038,1534
May 02 2024 01: +0,,282.228,1222
May 03 2024 01: +0,,280.254,1223
May 04 2024 01: +0,,292.842,1710
May 05 2024 01: +0,,293.6,1223
May 06 2024 01: +0,,297.71,830
May 07 2024 01: +0,,295.679,894
May 08 2024 01: +0,,297.835,1138
May 09 2024 01: +0,,298.987,1270
May 10 2024 01: +0,,298.691,942
May 11 2024 01: +0,,297.223,1175
May 12 2024 01: +0,,306.001,1211
May 13 2024 01: +0,,305.812,899
May 14 2024 01: +0,,304.272,777
May 15 2024 01: +0,,296.989,1044
May 16 2024 01: +0,,308.482,1104
May 17 2024 01: +0,,296.747,960
May 18 2024 01: +0,,297.552,1362
May 19 2024 01: +0,,289.175,952
May 20 2024 01: +0,,288.558,1026
May 21 2024 01: +0,,292.005,620
May 22 2024 01: +0,,284.092,703
May 23 2024 01: +0,,286.225,969
May 24 2024 01: +0,,287.926,983
May 25 2024 01: +0,,293.472,1014
May 26 2024 01: +0,,300.554,1326
May 27 2024 01: +0,,297.4,948
May 28 2024 01: +0,,302.24,1286
May 29 2024 01: +0,,292.677,814
May 30 2024 01: +0,,301.057,921
May 31 2024 01: +0,,312.185,1425
Jun 01 2024 01: +0,,314.308,1463
Jun 02 2024 01: +0,,304.891,828
Jun 03 2024 01: +0,,312.321,998
Jun 04 2024 01: +0,,310.303,892
Jun 05 2024 01: +0,,306.52,1183
Jun 06 2024 01: +0,,313.014,1019
Jun 07 2024 01: +0,,313.541,866
Jun 08 2024 01: +0,,306.572,1122
Jun 09 2024 01: +0,,307.778,937
Jun 10 2024 01: +0,,308.309,1090
Jun 11 2024 01: +0,,304.015,700
Jun 12 2024 01: +0,,311.148,1010
Jun 13 2024 01: +0,,323.708,1837
Jun 14 2024 01: +0,,318.711,804
Jun 15 2024 01: +0,,321.628,1564
Jun 16 2024 01: +0,,319.612,939
Jun 17 2024 01: +0,,303.762,645
Jun 18 2024 01: +0,,304.502,724
Jun 19 2024 01: +0,,319.347,1376
Jun 20 2024 01: +0,,299.752,615
Jun 21 2024 01: +0,,299.26,909
Jun 22 2024 01: +0,,303.92,843
Jun 23 2024 01: +0,,306.375,779
Jun 24 2024 01: +0,,299.512,494
Jun 25 2024 01: +0,,303.242,523
Jun 26 2024 01: +0,,307.903,1105
Jun 27 2024 01: +0,,299.852,960
Jun 28 2024 01: +0,,295.8,1238
Jun 29 2024 01: +0,,303.023,1389
Jun 30 2024 01: +0,,297.358,1076
Jul 01 2024 01: +0,,301.342,1092
Jul 02 2024 01: +0,,299.876,740
Jul 03 2024 01: +0,,297.166,1180
Jul 04 2024 01: +0,,302.582,1143
Jul 05 2024 01: +0,,303.748,1389
Jul 06 2024 01: +0,,303.874,1044
Jul 07 2024 01: +0,,304.858,1244
Jul 08 2024 01: +0,,306.442,1079
Jul 09 2024 01: +0,,299.957,792
Jul 10 2024 01: +0,,296.774,1159
Jul 11 2024 01: +0,,292.766,935
Jul 12 2024 01: +0,,304.942,1227
Jul 13 2024 01: +0,,308.508,1146
Jul 14 2024 01: +0,,305.059,860
Jul 15 2024 01: +0,,305.407,670
Jul 16 2024 01: +0,,309.159,819
Jul 17 2024 01: +0,,307.447,1098
Jul 18 2024 01: +0,,311.12,708
Jul 19 2024 01: +0,,311.277,1020
Jul 20 2024 01: +0,,311.608,1696
Jul 21 2024 01: +0,,311.889,967
Jul 22 2024 01: +0,,307.751,744
Jul 23 2024 01: +0,,314.22,697
Jul 24 2024 01: +0,,311.616,811
Jul 25 2024 01: +0,,312.908,1318
Jul 26 2024 01: +0,,320.713,1343
Jul 27 2024 01: +0,,316.252,1197
Jul 28 2024 01: +0,,314.345,854
Jul 29 2024 01: +0,,313.806,994
Jul 30 2024 01: +0,,316.687,720
Jul 31 2024 01: +0,,309.058,604
Aug 01 2024 01: +0,,318.118,985
Aug 02 2024 01: +0,,322.704,1386
Aug 03 2024 01: +0,,322.063,1024
Aug 04 2024 01: +0,,323.396,1129
Aug 05 2024 01: +0,,329.014,850
Aug 06 2024 01: +0,,333.21,1293
Aug 07 2024 01: +0,,331.327,1189
Aug 08 2024 01: +0,,324.756,903
Aug 09 2024 01: +0,,326.291,972
Aug 10 2024 01: +0,,325.15,830
Aug 11 2024 01: +0,,326.88,850
Aug 12 2024 01: +0,,336.52,938
Aug 13 2024 01: +0,,335.15,1019
Aug 14 2024 01: +0,,334.731,987
Aug 15 2024 01: +0,,336.279,854
Aug 16 2024 01: +0,,343.651,1259
Aug 17 2024 01: +0,,345.351,859
Aug 18 2024 01: +0,,343.56,924
Aug 19 2024 01: +0,,324.528,1006
Aug 20 2024 01: +0,,325.561,1192
Aug 21 2024 01: +0,,328.611,912
Aug 22 2024 01: +0,,334.124,1089
Aug 23 2024 01: +0,,328.741,885
Aug 24 2024 01: +0,,327.172,771
Aug 25 2024 01: +0,,343.863,933
Aug 26 2024 01: +0,,346.576,1018
Aug 27 2024 01: +0,,333.793,731
Aug 28 2024 01: +0,,330.044,704
Aug 29 2024 01: +0,,343.366,1188
Aug 30 2024 01: +0,,340.312,953
Aug 31 2024 01: +0,,336.92,1162
Sep 01 2024 01: +0,,341.875,1104
Sep 02 2024 01: +0,,346.248,1179
Sep 03 2024 01: +0,,345.408,753
Sep 04 2024 01: +0,,339.554,815
Sep 05 2024 01: +0,,345.815,999
Sep 06 2024 01: +0,,351.314,895
Sep 07 2024 01: +0,,354.444,935
Sep 08 2024 01: +0,,352.364,708
Sep 09 2024 01: +0,,355.748,812
Sep 10 2024 01: +0,,354.506,821
Sep 11 2024 01: +0,,354.958,904
Sep 12 2024 01: +0,,352.587,930
Sep 13 2024 01: +0,,357.317,1001
Sep 14 2024 01: +0,,358.202,1826
Sep 15 2024 01: +0,,356.485,678
Sep 16 2024 01: +0,,349.02,970
Sep 17 2024 01: +0,,348.324,839
Sep 18 2024 01: +0,,348.413,946
Sep 19 2024 01: +0,,342.74,955
Sep 20 2024 01: +0,,341.733,1211
Sep 21 2024 01: +0,,350.208,1289
Sep 22 2024 01: +0,,346.515,827
Sep 23 2024 01: +0,,346.029,756
Sep 24 2024 01: +0,,345.648,623
Sep 25 2024 01: +0,,337.796,1077
Sep 26 2024 01: +0,,339.452,1783
Sep 27 2024 01: +0,,344.726,1029
Sep 28 2024 01: +0,,349.718,890
Sep 29 2024 01: +0,,358.182,1275
Sep 30 2024 01: +0,,352.906,831
Oct 01 2024 01: +0,,357.385,824
Oct 02 2024 01: +0,,342.419,938
Oct 03 2024 01: +0,,318.89,1257
Oct 04 2024 01: +0,,316.898,679
Oct 05 2024 01: +0,,319.949,878
Oct 06 2024 01: +0,,316.622,643
Oct 07 2024 01: +0,,318.789,693
Oct 08 2024 01: +0,,321.022,611
Oct 09 2024 01: +0,,324.994,654
Oct 10 2024 01: +0,,322.206,632
Oct 11 2024 01: +0,,319.751,742
Oct 12 2024 01: +0,,324.054,787
Oct 13 2024 01: +0,,324.194,953
Oct 14 2024 01: +0,,336.043,1049
Oct 15 2024 01: +0,,342.189,948
Oct 16 2024 01: +0,,333.558,883
Oct 17 2024 01: +0,,341.9,950
Oct 18 2024 01: +0,,338.755,955
Oct 19 2024 01: +0,,339.123,784
Oct 20 2024 01: +0,,339.886,959
Oct 21 2024 01: +0,,335.177,896
Oct 22 2024 01: +0,,336.945,1015
Oct 23 2024 01: +0,,335.444,895
Oct 24 2024 01: +0,,345.544,1325
Oct 25 2024 01: +0,,336.965,875
Oct 26 2024 01: +0,,341.308,841
Oct 27 2024 01: +0,,336.5,861
Oct 28 2024 01: +0,,341.063,691
Oct 29 2024 01: +0,,344.678,659
Oct 30 2024 01: +0,,337.336,658
Oct 31 2024 01: +0,,341.361,868
Nov 01 2024 01: +0,,348.306,1031
Nov 02 2024 01: +0,,342.923,797
Nov 03 2024 01: +0,,340.27,839
Nov 04 2024 01: +0,,339.248,613
Nov 05 2024 01: +0,,340.94,672
Nov 06 2024 01: +0,,337.335,599
Nov 07 2024 01: +0,,333.184,592
Nov 08 2024 01: +0,,348.385,1282
Nov 09 2024 01: +0,,343.295,1099
Nov 10 2024 01: +0,,341.947,851
Nov 11 2024 01: +0,,335.585,721
Nov 12 2024 01: +0,,333.603,686
Nov 13 2024 01: +0,,337.087,691
Nov 14 2024 01: +0,,338.776,773
Nov 15 2024 01: +0,,340.608,734
Nov 16 2024 01: +0,,339.741,911
Nov 17 2024 01: +0,,337.346,839
Nov 18 2024 01: +0,,334.758,826
Nov 19 2024 01: +0,,336.713,921
Nov 20 2024 01: +0,,338.009,962
Nov 21 2024 01: +0,,333.627,741
Nov 22 2024 01: +0,,337.434,1286
Nov 23 2024 01: +0,,331.651,956
Nov 24 2024 01: +0,,330.726,810
Nov 25 2024 01: +0,,332.294,533
Nov 26 2024 01: +0,,326.316,883
Nov 27 2024 01: +0,,329.403,1204
Nov 28 2024 01: +0,,327.754,1197
Nov 29 2024 01: +0,,330.662,1063
Nov 30 2024 01: +0,,326.947,874
Dec 01 2024 01: +0,,319.803,1323
Dec 02 2024 01: +0,,318.763,585
Dec 03 2024 01: +0,,322.249,1066
Dec 04 2024 01: +0,,324.664,1040
Dec 05 2024 01: +0,,331.222,969
Dec 06 2024 01: +0,,334.476,1085
Dec 07 2024 01: +0,,335.623,980
Dec 08 2024 01: +0,,339.007,1254
Dec 09 2024 01: +0,,335.225,726
Dec 10 2024 01: +0,,330.317,848
Dec 11 2024 01: +0,,329.11,702
Dec 12 2024 01: +0,,331.547,1134
Dec 13 2024 01: +0,,333.524,1467
Dec 14 2024 01: +0,,334.19,1202
Dec 15 2024 01: +0,,335.918,1280
Dec 16 2024 01: +0,,329.134,734
Dec 17 2024 01: +0,,335.871,749
Dec 18 2024 01: +0,,335.018,888
Dec 19 2024 01: +0,,326.654,736
Dec 20 2024 01: +0,,331.436,1077
Dec 21 2024 01: +0,,327.658,1113
Dec 22 2024 01: +0,,333.884,970
Dec 23 2024 01: +0,,332.184,987
Dec 24 2024 01: +0,,342.436,1384
Dec 25 2024 01: +0,,347.243,1497
Dec 26 2024 01: +0,,347.816,1737
Dec 27 2024 01: +0,,336.854,1227
Dec 28 2024 01: +0,,352.477,1232
Dec 29 2024 01: +0,,346.518,1124
Dec 30 2024 01: +0,,343.289,970
Dec 31 2024 01: +0,,356.68,1369
Jan 01 2025 01: +0,,354.141,1521
Jan 02 2025 01: +0,,356.059,1568
Jan 03 2025 01: +0,,364.562,1007
Jan 04 2025 01: +0,,366.344,1064
Jan 05 2025 01: +0,,369.529,1357
Jan 06 2025 01: +0,,372.192,1396
Jan 07 2025 01: +0,,369.445,794
Jan 08 2025 01: +0,,379.451,1187
Jan 09 2025 01: +0,,382.4,1095
Jan 10 2025 01: +0,,392.637,1301
Jan 11 2025 01: +0,,413.572,1507
Jan 12 2025 01: +0,,401.576,872
Jan 13 2025 01: +0,,389.54,479
Jan 14 2025 01: +0,,400.1,716
Jan 15 2025 01: +0,,391.806,922
Jan 16 2025 01: +0,,387.241,824
Jan 17 2025 01: +0,,377.675,1194
Jan 18 2025 01: +0,,377.458,976
Jan 19 2025 01: +0,,380.799,1323
Jan 20 2025 01: +0,,363.93,685
Jan 21 2025 01: +0,,371.975,706
Jan 22 2025 01: +0,,367.49,699
Jan 23 2025 01: +0,,368.641,1109
Jan 24 2025 01: +0,,375.506,1342
Jan 25 2025 01: +0,,398.205,2103
Jan 26 2025 01: +0,,424.864,1618
Jan 27 2025 01: +0,,424.133,961
Jan 28 2025 01: +0,,434.878,854
Jan 29 2025 01: +0,,418.777,890
Jan 30 2025 01: +0,,431.25,1080
Jan 31 2025 01: +0,,437.455,1468
Feb 01 2025 01: +0,,447.116,1252
Feb 02 2025 01: +0,,449.281,1840
Feb 03 2025 01: +0,,447.821,912
Feb 04 2025 01: +0,,452.091,1400
Feb 05 2025 01: +0,,463.608,975
Feb 06 2025 01: +0,,477.89,1261
Feb 07 2025 01: +0,,467.855,1132
Feb 08 2025 01: +0,,484.901,1093
Feb 09 2025 01: +0,,517.698,1085
Feb 10 2025 01: +0,,521.293,757
Feb 11 2025 01: +0,,490.509,890
Feb 12 2025 01: +0,,517.144,1490
Feb 13 2025 01: +0,,507.545,1095
Feb 14 2025 01: +0,,496.309,1042
Feb 15 2025 01: +0,,503.429,1222
Feb 16 2025 01: +0,,496.01,997
Feb 17 2025 01: +0,,499.341,1352
Feb 18 2025 01: +0,,508.371,1243
Feb 19 2025 01: +0,,514.987,1197
Feb 20 2025 01: +0,,526.772,1055
Feb 21 2025 01: +0,,525.283,1041
Feb 22 2025 01: +0,,527.357,1231
Feb 23 2025 01: +0,,506.928,1153
Feb 24 2025 01: +0,,525.57,1140
Feb 25 2025 01: +0,,523.802,1075
Feb 26 2025 01: +0,,531.74,1018
Feb 27 2025 01: +0,,527.998,1136
Feb 28 2025 01: +0,,529.969,1157
Mar 01 2025 01: +0,,522.933,1303
Mar 02 2025 01: +0,,524.928,1100
Mar 03 2025 01: +0,,523.843,1067
Mar 04 2025 01: +0,,525.077,843
Mar 05 2025 01: +0,,526.759,1024
Mar 06 2025 01: +0,,537.291,1277
Mar 07 2025 01: +0,,565.549,1369
Mar 08 2025 01: +0,,583.811,1328
Mar 09 2025 01: +0,,575.725,977
Mar 10 2025 01: +0,,566.969,839
Mar 11 2025 01: +0,,590.614,679
Mar 12 2025 01: +0,,571.892,877
Mar 13 2025 01: +0,,561.167,932
Mar 14 2025 01: +0,,549.398,1128
Mar 15 2025 01: +0,,536.59,1026
Mar 16 2025 01: +0,,536.505,859
Mar 17 2025 01: +0,,519.891,713
Mar 18 2025 01: +0,,531.787,953
Mar 19 2025 01: +0,,521.449,1124
Mar 20 2025 01: +0,,523.952,1061
Mar 21 2025 01: +0,,543.282,1007
Mar 22 2025 01: +0,,535.053,1048
Mar 23 2025 01: +0,,552.515,1182
Mar 24 2025 01: +0,,568.485,796
Mar 25 2025 01: +0,,555.904,721
Mar 26 2025 01: +0,,554.399,732
Mar 27 2025 01: +0,,573.414,1006
Mar 28 2025 01: +0,,582.492,923
Mar 29 2025 01: +0,,576.723,921
Mar 30 2025 01: +0,,591.672,867
Mar 31 2025 01: +0,,574.679,658
Apr 01 2025 01: +0,,565.147,819
Apr 02 2025 01: +0,,579.123,904
Apr 03 2025 01: +0,,568.698,839
Apr 04 2025 01: +0,,588.309,842
Apr 05 2025 01: +0,,595.502,1247
Apr 06 2025 01: +0,,581.461,833
Apr 07 2025 01: +0,,562.284,656
Apr 08 2025 01: +0,,556.804,690
Apr 09 2025 01: +0,,539.182,706
Apr 10 2025 01: +0,,535.3,740
Apr 11 2025 01: +0,,539.145,877
Apr 12 2025 01: +0,,549.793,868
Apr 13 2025 01: +0,,555.802,954
Apr 14 2025 01: +0,,550.656,628
Apr 15 2025 01: +0,,548.094,757
Apr 16 2025 01: +0,,537.521,789
Apr 17 2025 01: +0,,542.907,897
Apr 18 2025 01: +0,,541.71,799
Apr 19 2025 01: +0,,551.006,867
Apr 20 2025 01: +0,,550.862,847
Apr 21 2025 01: +0,,547.941,1089
Apr 22 2025 01: +0,,554.822,846
Apr 23 2025 01: +0,,534.926,935
Apr 24 2025 01: +0,,552.165,784
Apr 25 2025 01: +0,,565.679,1039
Apr 26 2025 01: +0,,553.293,683
Apr 27 2025 01: +0,,551.727,746
Apr 28 2025 01: +0,,550.069,764
Apr 29 2025 01: +0,,572.498,983
Apr 30 2025 01: +0,,571.958,863
May 01 2025 01: +0,,567.483,1190
May 02 2025 01: +0,,572.326,1425
May 03 2025 01: +0,,581.692,1257
May 04 2025 01: +0,,610.669,2363
May 05 2025 01: +0,,624.436,1015
May 06 2025 01: +0,,637.916,965
May 07 2025 01: +0,,633.91,1221
May 08 2025 01: +0,,608.279,773
May 09 2025 01: +0,,597.73,827
May 10 2025 01: +0,,594.094,784
May 11 2025 01: +0,,584.271,896
May 12 2025 01: +0,,574.426,676
May 13 2025 01: +0,,565.226,904
May 14 2025 01: +0,,581.827,910
May 15 2025 01: +0,,607.695,722
May 16 2025 01: +0,,617.393,886
May 17 2025 01: +0,,606.618,767
May 18 2025 01: +0,,605.996,896
May 19 2025 01: +0,,588.733,811
May 20 2025 01: +0,,611.306,698
May 21 2025 01: +0,,603.203,627
May 22 2025 01: +0,,611.618,912
May 23 2025 01: +0,,613.64,1132
May 24 2025 01: +0,,604.056,728
May 25 2025 01: +0,,588.514,755
May 26 2025 01: +0,,588.366,621
May 27 2025 01: +0,,585.064,621
May 28 2025 01: +0,,586.163,518
May 29 2025 01: +0,,589.462,782
May 30 2025 01: +0,,590.38,701
May 31 2025 01: +0,,598.508,898
Jun 01 2025 01: +0,,605.54,958
Jun 02 2025 01: +0,,605.504,690
Jun 03 2025 01: +0,,609.878,783
Jun 04 2025 01: +0,,594.409,681
Jun 05 2025 01: +0,,604.611,779
Jun 06 2025 01: +0,,598.479,697
Jun 07 2025 01: +0,,597.124,724
Jun 08 2025 01: +0,,594.397,646
Jun 09 2025 01: +0,,584.614,677
Jun 10 2025 01: +0,,573.651,435
Jun 11 2025 01: +0,,578.366,721
Jun 12 2025 01: +0,,571.461,643
Jun 13 2025 01: +0,,589.848,560
Jun 14 2025 01: +0,,588.32,958
Jun 15 2025 01: +0,,600.247,796
Jun 16 2025 01: +0,,594.288,512
Jun 17 2025 01: +0,,581.185,635
Jun 18 2025 01: +0,,565.511,579
Jun 19 2025 01: +0,,572.299,604
Jun 20 2025 01: +0,,592.244,1033
Jun 21 2025 01: +0,,583.283,587
Jun 22 2025 01: +0,,567.427,552
Jun 23 2025 01: +0,,576.14,485
Jun 24 2025 01: +0,,567.469,434
Jun 25 2025 01: +0,,567.607,739
Jun 26 2025 01: +0,,569.417,903
Jun 27 2025 01: +0,,569.441,892
Jun 28 2025 01: +0,,570.67,917
Jun 29 2025 01: +0,,587.666,958
Jun 30 2025 01: +0,,588.107,851
Jul 01 2025 01: +0,,594.61,894
Jul 02 2025 01: +0,,613.033,1234
Jul 03 2025 01: +0,,603.622,926
Jul 04 2025 01: +0,,620.576,846
Jul 05 2025 01: +0,,613.081,758
Jul 06 2025 01: +0,,612.915,743
Jul 07 2025 01: +0,,609.441,954
Jul 08 2025 01: +0,,620.243,1012
Jul 09 2025 01: +0,,619.954,969
Jul 10 2025 01: +0,,612.02,763
Jul 11 2025 01: +0,,627.682,1094
Jul 12 2025 01: +0,,636.082,885
Jul 13 2025 01: +0,,643.515,748
Jul 14 2025 01: +0,,643.994,679
Jul 15 2025 01: +0,,637.935,688
Jul 16 2025 01: +0,,630.082,674
Jul 17 2025 01: +0,,621.701,974
Jul 18 2025 01: +0,,628.963,733
Jul 19 2025 01: +0,,637.13,722
Jul 20 2025 01: +0,,621.581,828
Jul 21 2025 01: +0,,626.068,746
Jul 22 2025 01: +0,,609.12,562
Jul 23 2025 01: +0,,617.565,547
Jul 24 2025 01: +0,,608.638,735
Jul 25 2025 01: +0,,639.672,817
Jul 26 2025 01: +0,,628.042,628
Jul 27 2025 01: +0,,610.652,722
Jul 28 2025 01: +0,,625.346,489
Jul 29 2025 01: +0,,633.015,1071
Jul 30 2025 01: +0,,614.955,759
Jul 31 2025 01: +0,,611.375,610
Aug 01 2025 01: +0,,621.788,866
Aug 02 2025 01: +0,,633.847,1082
Aug 03 2025 01: +0,,614.994,673
Aug 04 2025 01: +0,,636.292,994
Aug 05 2025 01: +0,,627.931,583
Aug 06 2025 01: +0,,607.063,667
Aug 07 2025 01: +0,,621.786,700
Aug 08 2025 01: +0,,652.053,870
Aug 09 2025 01: +0,,636.045,692
Aug 10 2025 01: +0,,653.116,889
Aug 11 2025 01: +0,,653.425,664
Aug 12 2025 01: +0,,630.606,565
Aug 13 2025 01: +0,,624.827,549
Aug 14 2025 01: +0,,617.995,1199
Aug 15 2025 01: +0,,628.593,1028
Aug 16 2025 01: +0,,638.595,658
Aug 17 2025 01: +0,,656.032,978
Aug 18 2025 01: +0,,647.306,801
Aug 19 2025 01: +0,,629.34,678
Aug 20 2025 01: +0,,626.159,853
Aug 21 2025 01: +0,,613.85,722
Aug 22 2025 01: +0,,632.11,958
Aug 23 2025 01: +0,,627.453,856
Aug 24 2025 01: +0,,622.632,752
Aug 25 2025 01: +0,,646.031,922
Aug 26 2025 01: +0,,660.908,820
Aug 27 2025 01: +0,,622.569,674
Aug 28 2025 01: +0,,629.353,850
Aug 29 2025 01: +0,,640.195,748
Aug 30 2025 01: +0,,655.51,784
Aug 31 2025 01: +0,,641.536,918
Sep 01 2025 01: +0,,634.269,697
Sep 02 2025 01: +0,,628.239,571
Sep 03 2025 01: +0,,607.952,1702
Sep 04 2025 01: +0,,609.24,861
Sep 05 2025 01: +0,,629.076,886
Sep 06 2025 01: +0,,634.846,799
Sep 07 2025 01: +0,,649.162,1121
Sep 08 2025 01: +0,,647.151,889
Sep 09 2025 01: +0,,652.391,740
Sep 10 2025 01: +0,,633.207,644
Sep 11 2025 01: +0,,625.998,921
Sep 12 2025 01: +0,,637.035,986
Sep 13 2025 01: +0,,635.377,978
Sep 14 2025 01: +0,,628.141,770
Sep 15 2025 01: +0,,633.442,890
Sep 16 2025 01: +0,,635.087,827
Sep 17 2025 01: +0,,602.559,792
Sep 18 2025 01: +0,,599.843,843
Sep 19 2025 01: +0,,616.062,870
Sep 20 2025 01: +0,,608.04,938
Sep 21 2025 01: +0,,622.155,850
Sep 22 2025 01: +0,,605.993,614
Sep 23 2025 01: +0,,598.109,888
Sep 24 2025 01: +0,,596.353,949
Sep 25 2025 01: +0,,598.878,914
Sep 26 2025 01: +0,,585.92,824
Sep 27 2025 01: +0,,579.958,829
Sep 28 2025 01: +0,,571.653,690
Sep 29 2025 01: +0,,570.851,778
Sep 30 2025 01: +0,,561.536,1028
Oct 01 2025 01: +0,,561.616,931
Oct 02 2025 01: +0,,577.471,1248
Oct 03 2025 01: +0,,581.807,1037
Oct 04 2025 01: +0,,596.141,1111
Oct 05 2025 01: +0,,584.336,1052
Oct 06 2025 01: +0,,593.942,818
Oct 07 2025 01: +0,,611.449,1232
Oct 08 2025 01: +0,,595.961,919
Oct 09 2025 01: +0,,590.377,855
Oct 10 2025 01: +0,,582.971,1330
Oct 11 2025 01: +0,,588.136,909
Oct 12 2025 01: +0,,589.715,1038
Oct 13 2025 01: +0,,597.826,1070
Oct 14 2025 01: +0,,590.962,854
Oct 15 2025 01: +0,,590.452,996
Oct 16 2025 01: +0,,592.269,732
Oct 17 2025 01: +0,,607.257,1036
Oct 18 2025 01: +0,,613.041,1361
Oct 19 2025 01: +0,,597.758,821
Oct 20 2025 01: +0,,610.716,719
Oct 21 2025 01: +0,,599.895,663
Oct 22 2025 01: +0,,597.298,811
Oct 23 2025 01: +0,,501.858,4233
Oct 24 2025 01: +0,,414.158,4008
Oct 25 2025 01: +0,,481.545,1989
Oct 26 2025 01: +0,,501.532,1625
Oct 27 2025 01: +0,,504.747,1400
Oct 28 2025 01: +0,,496.953,1028
Oct 29 2025 01: +0,,436.477,1113
Oct 30 2025 01: +0,,454.221,1577
Oct 31 2025 01: +0,,496.826,1697
Nov 01 2025 01: +0,,547.894,1381
Nov 02 2025 01: +0,,564.502,1211
Nov 03 2025 01: +0,,564.644,1175
Nov 04 2025 01: +0,,548.751,987
Nov 05 2025 01: +0,,551.822,1200
Nov 06 2025 01: +0,,577.508,1397
Nov 07 2025 01: +0,,589.997,1322
Nov 08 2025 01: +0,,570.648,1274
Nov 09 2025 01: +0,,573.667,1037
Nov 10 2025 01: +0,,580.792,1288
Nov 11 2025 01: +0,,581.877,853
Nov 12 2025 01: +0,,573.655,1082
Nov 13 2025 01: +0,,539.718,1152
Nov 14 2025 01: +0,,563.009,1016
Nov 15 2025 01: +0,,553.694,1161
Nov 16 2025 01: +0,,541.678,906
Nov 17 2025 01: +0,,547.571,1043
Nov 18 2025 01: +0,,524.794,778
Nov 19 2025 01: +0,,502.971,761
Nov 20 2025 01: +0,,514.37,649
Nov 21 2025 01: +0,,519.418,875
Nov 22 2025 01: +0,,524.536,937
Nov 23 2025 01: +0,,514.419,873
Nov 24 2025 01: +0,,524.444,810
Nov 25 2025 01: +0,,539.549,771
Nov 26 2025 01: +0,,519.812,897
Nov 27 2025 01: +0,,510.388,714
Nov 28 2025 01: +0,,528.099,754
Nov 29 2025 01: +0,,537.613,812
Nov 30 2025 01: +0,,538.373,847
Dec 01 2025 01: +0,,526.716,658
Dec 02 2025 01: +0,,612.426,5633
Dec 03 2025 01: +0,,650.456,1245
Dec 04 2025 01: +0,,621.193,736
Dec 05 2025 01: +0,,596.055,622
Dec 06 2025 01: +0,,588.596,567
Dec 07 2025 01: +0,,568.062,970
Dec 08 2025 01: +0,,562.889,627
Dec 09 2025 01: +0,,560.399,581
Dec 10 2025 01: +0,,547.016,716
Dec 11 2025 01: +0,,542.43,594
Dec 12 2025 01: +0,,563.909,730
Dec 13 2025 01: +0,,547.328,769
Dec 14 2025 01: +0,,535.499,689
Dec 15 2025 01: +0,,538.37,475
Dec 15 2025 22: +0,,566.885,38
Dec 15 2025 23: +0,,569.708,23
Dec 16 2025 00: +0,,527.587,5
Dec 16 2025 01: +0,,546.962,2
Dec 16 2025 02: +0,,569.025,14
Dec 16 2025 03: +0,,575.468,80
Dec 16 2025 04: +0,,586.308,55
Dec 16 2025 05: +0,,577.274,21
Dec 16 2025 06: +0,,570.951,11
Dec 16 2025 07: +0,,520.36,11
Dec 16 2025 08: +0,,519.457,11
Dec 16 2025 09: +0,,562.47,24
Dec 16 2025 10: +0,,499.04,7
Dec 16 2025 11: +0,,496.505,9
Dec 16 2025 12: +0,,495.065,15
Dec 16 2025 13: +0,,488.016,19
Dec 16 2025 14: +0,,496.505,35
Dec 16 2025 15: +0,,510.377,26
Dec 16 2025 16: +0,,518.784,11
Dec 16 2025 17: +0,,490.358,43
Dec 16 2025 18: +0,,501.81,30
Dec 16 2025 19: +0,,533.637,39
Dec 16 2025 20: +0,,529.393,15
Dec 16 2025 21: +0,,501.389,21
Dec 16 2025 22: +0,,524.877,15
Dec 16 2025 23: +0,,526.684,17
Dec 17 2025 00: +0,,488.051,17
Dec 17 2025 01: +0,,530.297,11
Dec 17 2025 02: +0,,533.911,20
Dec 17 2025 03: +0,,519.457,20
Dec 17 2025 04: +0,,540.235,35
Dec 17 2025 05: +0,,551.076,33
Dec 17 2025 06: +0,,515.772,23
Dec 17 2025 07: +0,,555.593,5
Dec 17 2025 08: +0,,495.632,6
Dec 17 2025 09: +0,,492.262,23
Dec 17 2025 10: +0,,501.375,18
Dec 17 2025 11: +0,,512.419,38
Dec 17 2025 12: +0,,569.144,43
Dec 17 2025 13: +0,,569.842,31
Dec 17 2025 14: +0,,549.023,27
Dec 17 2025 15: +0,,544.752,9
Dec 17 2025 16: +0,,554.855,17
Dec 17 2025 17: +0,,540.235,35
Dec 17 2025 18: +0,,550.612,18
Dec 17 2025 19: +0,,530.454,25
Dec 17 2025 20: +0,,509.962,23
Dec 17 2025 21: +0,,542.042,31
Dec 17 2025 22: +0,,529.855,26
Dec 17 2025 23: +0,,508.456,14
Dec 18 2025 00: +0,,501.288,16
Dec 18 2025 01: +0,,508.912,14
Dec 18 2025 02: +0,,534.814,39
Dec 18 2025 03: +0,,551.825,32
Dec 18 2025 04: +0,,564.627,37
Dec 18 2025 05: +0,,566.434,58
Dec 18 2025 06: +0,,566.434,17
Dec 18 2025 07: +0,,516.746,5
Dec 18 2025 08: +0,,516.746,7
Dec 18 2025 09: +0,,557.422,7
Dec 18 2025 10: +0,,561.637,22
Dec 18 2025 11: +0,,537.136,21
Dec 18 2025 12: +0,,526.464,12
Dec 18 2025 13: +0,,530.62,18
Dec 18 2025 14: +0,,555.064,7
Dec 18 2025 15: +0,,550.827,28
Dec 18 2025 16: +0,,558.048,30
Dec 18 2025 17: +0,,520.364,22
Dec 18 2025 18: +0,,529.642,21
Dec 18 2025 19: +0,,538.047,29
Dec 18 2025 20: +0,,556.935,109
Dec 18 2025 21: +0,,564.951,102
Dec 18 2025 22: +0,,570.951,137
Dec 18 2025 23: +0,,585.486,277
Dec 19 2025 00: +0,,632.697,584
Dec 19 2025 01: +0,,676.332,332
Dec 19 2025 02: +0,,679.359,152
Dec 19 2025 03: +0,,676.345,50
Dec 19 2025 04: +0,,682.069,153
Dec 19 2025 05: +0,,687.49,86
Dec 19 2025 06: +0,,675.745,76
Dec 19 2025 07: +0,,676.649,84
Dec 19 2025 08: +0,,682.702,39
Dec 19 2025 09: +0,,680.162,83
Dec 19 2025 10: +0,,689.062,124
Dec 19 2025 11: +0,,678.91,46
Dec 19 2025 12: +0,,665.74,34
Dec 19 2025 13: +0,,665.808,68
Dec 19 2025 14: +0,,667.861,50
Dec 19 2025 15: +0,,650.827,56
Dec 19 2025 16: +0,,644.238,22
Dec 19 2025 17: +0,,656.872,57
Dec 19 2025 18: +0,,659.936,44
Dec 19 2025 19: +0,,654.064,82
Dec 19 2025 20: +0,,669.9,58
Dec 19 2025 21: +0,,637.141,25
Dec 19 2025 22: +0,,640.543,41
Dec 19 2025 23: +0,,635.996,51
Dec 20 2025 00: +0,,635.996,19
Dec 20 2025 01: +0,,632.702,25
Dec 20 2025 02: +0,,557.4,21
Dec 20 2025 03: +0,,559.063,28
Dec 20 2025 04: +0,,578.178,28
Dec 20 2025 05: +0,,600.391,10
Dec 20 2025 06: +0,,645.933,111
Dec 20 2025 07: +0,,649.547,15
Dec 20 2025 08: +0,,649.547,42
Dec 20 2025 09: +0,,542.63,33
Dec 20 2025 10: +0,,579.004,16
Dec 20 2025 11: +0,,578.313,34
Dec 20 2025 12: +0,,557.94,23
Dec 20 2025 13: +0,,582.1,49
Dec 20 2025 14: +0,,567.502,18
Dec 20 2025 15: +0,,541.138,21
Dec 20 2025 16: +0,,574.564,89
Dec 20 2025 17: +0,,563.729,66
Dec 20 2025 18: +0,,570.951,23
Dec 20 2025 19: +0,,577.726,50
Dec 20 2025 20: +0,,567.006,54
Dec 20 2025 21: +0,,618.788,43
Dec 20 2025 22: +0,,572.863,55
Dec 20 2025 23: +0,,578.178,17
Dec 21 2025 00: +0,,607.35,13
Dec 21 2025 01: +0,,597.741,19
Dec 21 2025 02: +0,,634.189,57
Dec 21 2025 03: +0,,623.075,39
Dec 21 2025 04: +0,,645.03,26
Dec 21 2025 05: +0,,649.547,31
Dec 21 2025 06: +0,,623.637,16
Dec 21 2025 07: +0,,608.363,8
Dec 21 2025 08: +0,,623.348,35
Dec 21 2025 09: +0,,601.604,36
Dec 21 2025 10: +0,,553.927,32
Dec 21 2025 11: +0,,622.196,26
Dec 21 2025 12: +0,,596.682,35
Dec 21 2025 13: +0,,566.477,18
Dec 21 2025 14: +0,,563.827,27
Dec 21 2025 15: +0,,559.903,27
Dec 21 2025 16: +0,,561.707,81
Dec 21 2025 17: +0,,586.083,26
Dec 21 2025 18: +0,,595.354,18
Dec 21 2025 19: +0,,560.801,29
Dec 21 2025 20: +0,,585.421,36
Dec 21 2025 21: +0,,595.342,135
Dec 21 2025 22: +0,,624.251,31
Dec 21 2025 23: +0,,561.013,12
Dec 22 2025 00: +0,,568.24,25
Dec 22 2025 01: +0,,561.961,9
Dec 22 2025 02: +0,,577.605,14
Dec 22 2025 03: +0,,583.598,11
Dec 22 2025 04: +0,,572.306,13
Dec 22 2025 05: +0,,555.471,12
Dec 22 2025 06: +0,,554.892,14
Dec 22 2025 07: +0,,556.074,24
Dec 22 2025 08: +0,,547.93,7
Dec 22 2025 09: +0,,587.212,51
Dec 22 2025 10: +0,,566.477,20
Dec 22 2025 11: +0,,545.555,10
Dec 22 2025 12: +0,,567.232,26
Dec 22 2025 13: +0,,565.611,21
Dec 22 2025 14: +0,,537.461,26
Dec 22 2025 15: +0,,549.885,48
Dec 22 2025 16: +0,,583.725,35
Dec 22 2025 17: +0,,586.961,32
Dec 22 2025 18: +0,,607.818,36
Dec 22 2025 19: +0,,604.1,41
Dec 22 2025 20: +0,,549.141,53
Dec 22 2025 21: +0,,581.844,37
Dec 22 2025 22: +0,,608.893,169
Dec 22 2025 23: +0,,631.479,51
Dec 23 2025 00: +0,,642.277,76
Dec 23 2025 01: +0,,645.933,73
Dec 23 2025 02: +0,,652.772,74
Dec 23 2025 03: +0,,657.799,53
Dec 23 2025 04: +0,,660.018,12
Dec 23 2025 05: +0,,655.498,11
Dec 23 2025 06: +0,,661.291,14
Dec 23 2025 07: +0,,604.1,13
Dec 23 2025 08: +0,,602.511,8
Dec 23 2025 09: +0,,575.485,17
Dec 23 2025 10: +0,,551.108,15
Dec 23 2025 11: +0,,551.544,20
Dec 23 2025 12: +0,,575.485,47
Dec 23 2025 13: +0,,586.056,39
Dec 23 2025 14: +0,,592.442,23
Dec 23 2025 15: +0,,584.284,28
Dec 23 2025 16: +0,,603.473,48
Dec 23 2025 17: +0,,592.972,34
Dec 23 2025 18: +0,,600.66,44
Dec 23 2025 19: +0,,547.462,22
Dec 23 2025 20: +0,,561.952,59
Dec 23 2025 21: +0,,571.373,34
Dec 23 2025 22: +0,,622.857,41
Dec 23 2025 23: +0,,637.107,44
Dec 24 2025 00: +0,,603.268,40
Dec 24 2025 01: +0,,638.558,26
Dec 24 2025 02: +0,,645.03,9
Dec 24 2025 03: +0,,596.246,17
Dec 24 2025 04: +0,,644.115,29
Dec 24 2025 05: +0,,649.547,23
Dec 24 2025 06: +0,,654.064,13
Dec 24 2025 07: +0,,620.268,7
Dec 24 2025 08: +0,,645.933,26
Dec 24 2025 09: +0,,653.952,9
Dec 24 2025 10: +0,,572.306,24
Dec 24 2025 11: +0,,586.718,14
Dec 24 2025 12: +0,,574.554,19
Dec 24 2025 13: +0,,555.014,12
Dec 24 2025 14: +0,,556.727,10
Dec 24 2025 15: +0,,572.757,60
Dec 24 2025 16: +0,,588.573,79
Dec 24 2025 17: +0,,596.725,17
Dec 24 2025 18: +0,,595.222,27
Dec 24 2025 19: +0,,604.788,20
Dec 24 2025 20: +0,,604.965,11
Dec 24 2025 21: +0,,606.194,10
Dec 24 2025 22: +0,,610.7,46
Dec 24 2025 23: +0,,613.41,11
Dec 25 2025 00: +0,,526.804,1
Dec 25 2025 01: +0,,613.41,6
Dec 25 2025 02: +0,,606.754,2
Dec 25 2025 03: +0,,623.8,54
Dec 25 2025 04: +0,,645.933,39
Dec 25 2025 05: +0,,648.643,14
Dec 25 2025 06: +0,,609.797,18
Dec 25 2025 07: +0,,634.189,15
Dec 25 2025 08: +0,,631.479,9
Dec 25 2025 09: +0,,619.486,43
Dec 25 2025 10: +0,,638.874,85
Dec 25 2025 11: +0,,652.386,22
Dec 25 2025 12: +0,,588.53,19
Dec 25 2025 13: +0,,627.908,35
Dec 25 2025 14: +0,,633.94,60
Dec 25 2025 15: +0,,639.986,28
Dec 25 2025 16: +0,,611.944,12
Dec 25 2025 17: +0,,643.841,26
Dec 25 2025 18: +0,,630.386,26
Dec 25 2025 19: +0,,646.385,68
Dec 25 2025 20: +0,,606.183,29
Dec 25 2025 21: +0,,587.212,29
Dec 25 2025 22: +0,,593.852,36
Dec 25 2025 23: +0,,635.92,132
Dec 26 2025 00: +0,,612.226,16
Dec 26 2025 01: +0,,631.493,33
Dec 26 2025 02: +0,,649.547,33
Dec 26 2025 03: +0,,656.774,28
Dec 26 2025 04: +0,,647.74,15
Dec 26 2025 05: +0,,654.064,30
Dec 26 2025 06: +0,,654.064,18
Dec 26 2025 07: +0,,637.802,8
Dec 26 2025 08: +0,,628.831,2
Dec 26 2025 09: +0,,610.938,12
Dec 26 2025 10: +0,,618.515,5
Dec 26 2025 11: +0,,619.394,18
Dec 26 2025 12: +0,,589.14,11
Dec 26 2025 13: +0,,567.6,24
Dec 26 2025 14: +0,,562.037,11
Dec 26 2025 15: +0,,561.178,29
Dec 26 2025 16: +0,,564.017,43
Dec 26 2025 17: +0,,576.292,18
Dec 26 2025 18: +0,,600.474,65
Dec 26 2025 19: +0,,598.956,31
Dec 26 2025 20: +0,,593.577,33
Dec 26 2025 21: +0,,554.685,36
Dec 26 2025 22: +0,,563.723,31
Dec 26 2025 23: +0,,615.785,82
Dec 27 2025 00: +0,,652.718,37
Dec 27 2025 01: +0,,655.912,40
Dec 27 2025 02: +0,,651.106,32
Dec 27 2025 03: +0,,654.064,39
Dec 27 2025 04: +0,,653.782,28
Dec 27 2025 05: +0,,648.643,27
Dec 27 2025 06: +0,,631.422,17
Dec 27 2025 07: +0,,658.422,64
Dec 27 2025 08: +0,,659.386,3
Dec 27 2025 09: +0,,609.345,6
Dec 27 2025 10: +0,,636.899,37
Dec 27 2025 11: +0,,581.639,18
Dec 27 2025 12: +0,,631.422,8
Dec 27 2025 13: +0,,579.247,23
Dec 27 2025 14: +0,,579.966,35
Dec 27 2025 15: +0,,580.094,11
Dec 27 2025 16: +0,,560.694,16
Dec 27 2025 17: +0,,554.868,11
Dec 27 2025 18: +0,,564.694,39
Dec 27 2025 19: +0,,569.144,17
Dec 27 2025 20: +0,,578.178,56
Dec 27 2025 21: +0,,595.219,33
Dec 27 2025 22: +0,,558.419,18
Dec 27 2025 23: +0,,584.979,46
Dec 28 2025 00: +0,,596.284,43
Dec 28 2025 01: +0,,605.28,16
Dec 28 2025 02: +0,,577.117,39
Dec 28 2025 03: +0,,576.371,20
Dec 28 2025 04: +0,,574.731,27
Dec 28 2025 05: +0,,574.564,29
Dec 28 2025 06: +0,,571.398,17
Dec 28 2025 07: +0,,606.571,43
Dec 28 2025 08: +0,,612.507,36
Dec 28 2025 09: +0,,609.783,6
Dec 28 2025 10: +0,,595.219,25
Dec 28 2025 11: +0,,594.6,30
Dec 28 2025 12: +0,,551.031,17
Dec 28 2025 13: +0,,588.049,27
Dec 28 2025 14: +0,,574.988,28
Dec 28 2025 15: +0,,570.618,28
Dec 28 2025 16: +0,,576.243,19
Dec 28 2025 17: +0,,555.822,35
Dec 28 2025 18: +0,,577.67,32
Dec 28 2025 19: +0,,552.917,22
Dec 28 2025 20: +0,,572.858,14
Dec 28 2025 21: +0,,574.988,33
Dec 28 2025 22: +0,,587.912,73
Dec 28 2025 23: +0,,580.089,30
Dec 29 2025 00: +0,,593.536,80
Dec 29 2025 01: +0,,607.087,61
Dec 29 2025 02: +0,,570.139,8
Dec 29 2025 03: +0,,595.342,19
Dec 29 2025 04: +0,,611.768,45
Dec 29 2025 05: +0,,609.345,8
Dec 29 2025 06: +0,,612.507,15
Dec 29 2025 07: +0,,541.138,21
Dec 29 2025 08: +0,,540.574,25
Dec 29 2025 09: +0,,580.436,70
Dec 29 2025 10: +0,,533.774,17
Dec 29 2025 11: +0,,624.703,58
Dec 29 2025 12: +0,,570.37,12
Dec 29 2025 13: +0,,552.384,16
Dec 29 2025 14: +0,,532.396,8
Dec 29 2025 15: +0,,539.264,10
Dec 29 2025 16: +0,,543.35,50
Dec 29 2025 17: +0,,533.008,39
Dec 29 2025 18: +0,,570.951,162
Dec 29 2025 19: +0,,631.181,59
Dec 29 2025 20: +0,,605.334,42
Dec 29 2025 21: +0,,553.692,58
Dec 29 2025 22: +0,,610.292,23
Dec 29 2025 23: +0,,611.468,37
Dec 30 2025 00: +0,,610.7,11
Dec 30 2025 01: +0,,634.189,33
Dec 30 2025 02: +0,,635.996,44
Dec 30 2025 03: +0,,637.361,19
Dec 30 2025 04: +0,,636.899,18
Dec 30 2025 05: +0,,608.675,16
Dec 30 2025 06: +0,,631.682,15
Dec 30 2025 07: +0,,611.477,7
Dec 30 2025 08: +0,,587.212,6
Dec 30 2025 09: +0,,480.676,9
Dec 30 2025 10: +0,,533.172,3
Dec 30 2025 11: +0,,563.622,27
Dec 30 2025 12: +0,,563.657,30
Dec 30 2025 13: +0,,589.019,24
Dec 30 2025 14: +0,,581.216,14
Dec 30 2025 15: +0,,557.189,8
Dec 30 2025 16: +0,,572.757,35
Dec 30 2025 17: +0,,579.729,14
Dec 30 2025 18: +0,,531.719,20
Dec 30 2025 19: +0,,564.685,39
Dec 30 2025 20: +0,,530.655,33
Dec 30 2025 21: +0,,542.945,36
Dec 30 2025 22: +0,,574.237,56
Dec 30 2025 23: +0,,557.882,20
Dec 31 2025 00: +0,,574.564,38
Dec 31 2025 01: +0,,571.303,18
Dec 31 2025 02: +0,,572.641,28
Dec 31 2025 03: +0,,579.081,32
Dec 31 2025 04: +0,,569.144,11
Dec 31 2025 05: +0,,574.564,17
Dec 31 2025 06: +0,,602.966,34
Dec 31 2025 07: +0,,587.212,10
Dec 31 2025 08: +0,,604.593,6
Dec 31 2025 09: +0,,592.823,20
Dec 31 2025 10: +0,,592.542,13
Dec 31 2025 11: +0,,593.536,13
Dec 31 2025 12: +0,,547.086,6
Dec 31 2025 13: +0,,565.994,19
Dec 31 2025 14: +0,,568.609,16
Dec 31 2025 15: +0,,543.765,16
Dec 31 2025 16: +0,,575.02,24
Dec 31 2025 17: +0,,553.251,29
Dec 31 2025 18: +0,,549.004,28
Dec 31 2025 19: +0,,604.376,25
Dec 31 2025 20: +0,,606.183,33
Dec 31 2025 21: +0,,609.797,29
Dec 31 2025 22: +0,,603.532,27
Dec 31 2025 23: +0,,623.348,17
Jan 01 2026 00: +0,,624.251,29
Jan 01 2026 01: +0,,625.155,43
Jan 01 2026 02: +0,,625.843,41
Jan 01 2026 03: +0,,626.058,22
Jan 01 2026 04: +0,,614.141,19
Jan 01 2026 05: +0,,626.058,15
Jan 01 2026 06: +0,,623.784,54
Jan 01 2026 07: +0,,625.51,13
Jan 01 2026 08: +0,,626.058,6
Jan 01 2026 09: +0,,617.024,23
Jan 01 2026 10: +0,,625.223,9
Jan 01 2026 11: +0,,568.498,16
Jan 01 2026 12: +0,,571.959,13
Jan 01 2026 13: +0,,574.436,8
Jan 01 2026 14: +0,,541.148,26
Jan 01 2026 15: +0,,549.177,33
Jan 01 2026 16: +0,,562.197,41
Jan 01 2026 17: +0,,542.945,22
Jan 01 2026 18: +0,,535.718,13
Jan 01 2026 19: +0,,525.78,21
Jan 01 2026 20: +0,,526.268,42
Jan 01 2026 21: +0,,548.365,36
Jan 01 2026 22: +0,,557.658,18
Jan 01 2026 23: +0,,557.4,28
Jan 02 2026 00: +0,,569.422,39
Jan 02 2026 01: +0,,540.386,19
Jan 02 2026 02: +0,,542.304,20
Jan 02 2026 03: +0,,598.481,8
Jan 02 2026 04: +0,,608.893,52
Jan 02 2026 05: +0,,605.28,15
Jan 02 2026 06: +0,,608.893,12
Jan 02 2026 07: +0,,585.857,8
Jan 02 2026 08: +0,,560.165,29
Jan 02 2026 09: +0,,563.723,15
Jan 02 2026 10: +0,,596.102,35
Jan 02 2026 11: +0,,534.314,9
Jan 02 2026 12: +0,,525.136,16
Jan 02 2026 13: +0,,524.262,36
Jan 02 2026 14: +0,,522.167,16
Jan 02 2026 15: +0,,530.093,54
Jan 02 2026 16: +0,,533.527,18
Jan 02 2026 17: +0,,519.457,33
Jan 02 2026 18: +0,,522.167,38
Jan 02 2026 19: +0,,520.459,22
Jan 02 2026 20: +0,,536.454,36
Jan 02 2026 21: +0,,545.655,68
Jan 02 2026 22: +0,,541.017,32
Jan 02 2026 23: +0,,535.112,29
Jan 03 2026 00: +0,,520.559,32
Jan 03 2026 01: +0,,555.593,42
Jan 03 2026 02: +0,,575.468,23
Jan 03 2026 03: +0,,587.212,85
Jan 03 2026 04: +0,,607.759,17
Jan 03 2026 05: +0,,607.087,5
Jan 03 2026 06: +0,,578.779,8
Jan 03 2026 07: +0,,607.087,13
Jan 03 2026 08: +0,,607.087,47
Jan 03 2026 09: +0,,610.7,30
Jan 03 2026 10: +0,,604.376,19
Jan 03 2026 11: +0,,551.076,6
Jan 03 2026 12: +0,,542.605,8
Jan 03 2026 13: +0,,543.134,7
Jan 03 2026 14: +0,,517.265,9
Jan 03 2026 15: +0,,548.816,98
Jan 03 2026 16: +0,,590.826,77
Jan 03 2026 17: +0,,567.485,53
Jan 03 2026 18: +0,,614.314,54
Jan 03 2026 19: +0,,614.314,33
Jan 03 2026 20: +0,,530.297,26
Jan 03 2026 21: +0,,519.457,23
Jan 03 2026 22: +0,,548.365,12
Jan 03 2026 23: +0,,534.814,21
Jan 04 2026 00: +0,,536.874,23
Jan 04 2026 01: +0,,541.017,17
Jan 04 2026 02: +0,,545.366,17
Jan 04 2026 03: +0,,542.512,25
Jan 04 2026 04: +0,,547.887,35
Jan 04 2026 05: +0,,579.744,6
Jan 04 2026 06: +0,,581.791,10
Jan 04 2026 07: +0,,591.074,69
Jan 04 2026 08: +0,,608.8,25
Jan 04 2026 09: +0,,604.376,11
Jan 04 2026 10: +0,,562.756,6
Jan 04 2026 11: +0,,521.095,22
Jan 04 2026 12: +0,,542.076,15
Jan 04 2026 13: +0,,541.469,12
Jan 04 2026 14: +0,,545.215,65
Jan 04 2026 15: +0,,556.898,23
Jan 04 2026 16: +0,,551.873,40
Jan 04 2026 17: +0,,557.149,34
Jan 04 2026 18: +0,,559.957,74
Jan 04 2026 19: +0,,594.031,30
Jan 04 2026 20: +0,,607.06,130
Jan 04 2026 21: +0,,562.525,32
Jan 04 2026 22: +0,,527.734,33
Jan 04 2026 23: +0,,527.428,22
Jan 05 2026 00: +0,,562.82,17
Jan 05 2026 01: +0,,583.598,26
Jan 05 2026 02: +0,,605.28,23
Jan 05 2026 03: +0,,605.28,9
Jan 05 2026 04: +0,,542.493,8
Jan 05 2026 05: +0,,538.678,7
Jan 05 2026 06: +0,,537.945,10
Jan 05 2026 07: +0,,546.471,5
Jan 05 2026 08: +0,,547.92,13
Jan 05 2026 09: +0,,543.848,9
Jan 05 2026 10: +0,,549.323,27
Jan 05 2026 11: +0,,554.689,39
Jan 05 2026 12: +0,,530.851,17
Jan 05 2026 13: +0,,548.428,31
Jan 05 2026 14: +0,,523.293,28
Jan 05 2026 15: +0,,543.848,39
Jan 05 2026 16: +0,,561.133,62
Jan 05 2026 17: +0,,595.342,81
Jan 05 2026 18: +0,,533.955,42
Jan 05 2026 19: +0,,601.365,11
Jan 05 2026 20: +0,,593.536,29
Jan 05 2026 21: +0,,551.535,6
Jan 05 2026 22: +0,,570.151,12
Jan 05 2026 23: +0,,554.94,22
Jan 06 2026 00: +0,,554.245,38
Jan 06 2026 01: +0,,568.24,58
Jan 06 2026 02: +0,,572.6,28
Jan 06 2026 03: +0,,551.979,43
Jan 06 2026 04: +0,,603.026,35
Jan 06 2026 05: +0,,606.502,28
Jan 06 2026 06: +0,,612.507,30
Jan 06 2026 07: +0,,613.952,38
Jan 06 2026 08: +0,,581.068,9
Jan 06 2026 09: +0,,614.982,6
Jan 06 2026 10: +0,,550.836,9
Jan 06 2026 11: +0,,575.741,11
Jan 06 2026 12: +0,,578.628,49
Jan 06 2026 13: +0,,600.214,15
Jan 06 2026 14: +0,,602.295,39
Jan 06 2026 15: +0,,578.109,20
Jan 06 2026 16: +0,,612.7,125
Jan 06 2026 17: +0,,617.452,73
Jan 06 2026 18: +0,,594.97,22
Jan 06 2026 19: +0,,601.269,51
Jan 06 2026 20: +0,,537.917,22
Jan 06 2026 21: +0,,537.525,29
Jan 06 2026 22: +0,,543.848,12
Jan 06 2026 23: +0,,554.744,4
Jan 07 2026 00: +0,,567.467,12
Jan 07 2026 01: +0,,571.854,24
Jan 07 2026 02: +0,,578.143,9
Jan 07 2026 03: +0,,578.161,9
Jan 07 2026 04: +0,,596.246,11
Jan 07 2026 05: +0,,595.342,5
Jan 07 2026 06: +0,,603.473,8
Jan 07 2026 07: +0,,603.6,16
Jan 07 2026 08: +0,,607.087,19
Jan 07 2026 09: +0,,610.756,7
Jan 07 2026 10: +0,,552.431,4
Jan 07 2026 11: +0,,571.617,8
Jan 07 2026 12: +0,,565.989,10
Jan 07 2026 13: +0,,563.723,13
Jan 07 2026 14: +0,,584.365,12
Jan 07 2026 15: +0,,526.684,17
Jan 07 2026 16: +0,,537.289,3
Jan 07 2026 17: +0,,542.042,43
Jan 07 2026 18: +0,,592.941,23
Jan 07 2026 19: +0,,582.138,15
Jan 07 2026 20: +0,,569.686,28
Jan 07 2026 21: +0,,603.51,39
Jan 07 2026 22: +0,,582.68,29
Jan 07 2026 23: +0,,604.376,29
Jan 08 2026 00: +0,,609.797,41
Jan 08 2026 01: +0,,612.507,28
Jan 08 2026 02: +0,,605.28,13
Jan 08 2026 03: +0,,616.121,12
Jan 08 2026 04: +0,,616.459,27
Jan 08 2026 05: +0,,618.415,16
Jan 08 2026 06: +0,,602.601,10
Jan 08 2026 07: +0,,619.734,14
Jan 08 2026 08: +0,,618.831,12
Jan 08 2026 09: +0,,619.116,8
Jan 08 2026 10: +0,,529.267,18
Jan 08 2026 11: +0,,603.993,26
Jan 08 2026 12: +0,,604.206,22
Jan 08 2026 13: +0,,610.7,31
Jan 08 2026 14: +0,,616.459,29
Jan 08 2026 15: +0,,614.151,54
Jan 08 2026 16: +0,,569.464,24
Jan 08 2026 17: +0,,618.871,14
Jan 08 2026 18: +0,,623.348,56
Jan 08 2026 19: +0,,566.434,27
Jan 08 2026 20: +0,,548.365,11
Jan 08 2026 21: +0,,548.902,21
Jan 08 2026 22: +0,,569.652,21
Jan 08 2026 23: +0,,610.718,21
Jan 09 2026 00: +0,,604.88,20
Jan 09 2026 01: +0,,609.728,29
Jan 09 2026 02: +0,,610.718,25
Jan 09 2026 03: +0,,619.184,51
Jan 09 2026 04: +0,,622.3,12
Jan 09 2026 05: +0,,606.183,2
Jan 09 2026 06: +0,,603.473,7
Jan 09 2026 07: +0,,613.41,3
Jan 09 2026 08: +0,,584.974,4
Jan 09 2026 09: +0,,564.387,3
Jan 09 2026 10: +0,,575.191,11
Jan 09 2026 11: +0,,566.17,14
Jan 09 2026 12: +0,,571.589,5
Jan 09 2026 13: +0,,564.149,18
Jan 09 2026 14: +0,,554.4,8
Jan 09 2026 15: +0,,565.765,30
Jan 09 2026 16: +0,,574.214,22
Jan 09 2026 17: +0,,584.544,23
Jan 09 2026 18: +0,,589.956,20
Jan 09 2026 19: +0,,550.699,17
Jan 09 2026 20: +0,,578.076,42
Jan 09 2026 21: +0,,583.94,16
Jan 09 2026 22: +0,,599.941,32
Jan 09 2026 23: +0,,543.864,15
Jan 10 2026 00: +0,,558.303,47
Jan 10 2026 01: +0,,573.87,25
Jan 10 2026 02: +0,,609.797,40
Jan 10 2026 03: +0,,620.638,54
Jan 10 2026 04: +0,,620.638,26
Jan 10 2026 05: +0,,620.638,13
Jan 10 2026 06: +0,,587.821,27
Jan 10 2026 07: +0,,558.303,19
Jan 10 2026 08: +0,,619.734,27
Jan 10 2026 09: +0,,618.157,11
Jan 10 2026 10: +0,,564.455,7
Jan 10 2026 11: +0,,569.883,9
Jan 10 2026 12: +0,,531.201,16
Jan 10 2026 13: +0,,571.854,11
Jan 10 2026 14: +0,,596.698,54
Jan 10 2026 15: +0,,563.272,30
Jan 10 2026 16: +0,,570.74,32
Jan 10 2026 17: +0,,588.873,30
Jan 10 2026 18: +0,,591.981,36
Jan 10 2026 19: +0,,595.093,45
Jan 10 2026 20: +0,,599.21,51
Jan 10 2026 21: +0,,599.859,31
Jan 10 2026 22: +0,,551.915,29
Jan 10 2026 23: +0,,565.57,16
Jan 11 2026 00: +0,,555.593,22
Jan 11 2026 01: +0,,599.21,54
Jan 11 2026 02: +0,,599.21,8
Jan 11 2026 03: +0,,596.246,29
Jan 11 2026 04: +0,,599.859,33
Jan 11 2026 05: +0,,600.698,6
Jan 11 2026 06: +0,,609.797,66
Jan 11 2026 07: +0,,587.212,9
Jan 11 2026 08: +0,,587.371,27
Jan 11 2026 09: +0,,599.859,11
Jan 11 2026 10: +0,,606.043,10
Jan 11 2026 11: +0,,565.09,14
Jan 11 2026 12: +0,,554.145,26
Jan 11 2026 13: +0,,611.862,44
Jan 11 2026 14: +0,,572.985,17
Jan 11 2026 15: +0,,575.339,28
Jan 11 2026 16: +0,,568.934,14
Jan 11 2026 17: +0,,574.411,30
Jan 11 2026 18: +0,,605.28,51
Jan 11 2026 19: +0,,604.376,38
Jan 11 2026 20: +0,,544.667,26
Jan 11 2026 21: +0,,588.567,50
Jan 11 2026 22: +0,,602.57,33
Jan 11 2026 23: +0,,603.517,9
Jan 12 2026 00: +0,,577.274,13
Jan 12 2026 01: +0,,578.178,16
Jan 12 2026 02: +0,,589.019,10
Jan 12 2026 03: +0,,574.564,2
Jan 12 2026 04: +0,,589.019,3
Jan 12 2026 05: +0,,565.057,28
Jan 12 2026 06: +0,,608.404,12
Jan 12 2026 07: +0,,615.217,27
Jan 12 2026 08: +0,,609.722,5
Jan 12 2026 09: +0,,604.376,21
Jan 12 2026 10: +0,,547.932,22
Jan 12 2026 11: +0,,607.272,9
Jan 12 2026 12: +0,,563.852,3
Jan 12 2026 13: +0,,583.753,21
Jan 12 2026 14: +0,,607.62,31
Jan 12 2026 15: +0,,607.815,52
Jan 12 2026 16: +0,,609.722,23
Jan 12 2026 17: +0,,553.687,38
Jan 12 2026 18: +0,,603.597,15
Jan 12 2026 19: +0,,597.107,27
Jan 12 2026 20: +0,,570.153,33
Jan 12 2026 21: +0,,571.924,12
Jan 12 2026 22: +0,,580.544,17
Jan 12 2026 23: +0,,605.244,27
Jan 13 2026 00: +0,,569.209,18
Jan 13 2026 01: +0,,606.008,27
Jan 13 2026 02: +0,,607.087,12
Jan 13 2026 03: +0,,562.402,8
Jan 13 2026 04: +0,,557.4,14
Jan 13 2026 05: +0,,577.357,14
Jan 13 2026 06: +0,,595.619,11
Jan 13 2026 07: +0,,604.316,11
Jan 13 2026 08: +0,,606.371,25
Jan 13 2026 09: +0,,609.797,9
Jan 13 2026 10: +0,,609.603,17
Jan 13 2026 11: +0,,579.123,14
Jan 13 2026 12: +0,,553.706,5
Jan 13 2026 13: +0,,600.111,11
Jan 13 2026 14: +0,,586.76,12
Jan 13 2026 15: +0,,566.362,17
Jan 13 2026 16: +0,,540.853,10
Jan 13 2026 17: +0,,605.601,25
Jan 13 2026 18: +0,,588.576,24
Jan 13 2026 19: +0,,591.729,12
Jan 13 2026 20: +0,,583.237,43
Jan 13 2026 21: +0,,554.639,40
Jan 13 2026 22: +0,,580.56,19
Jan 13 2026 23: +0,,606.183,75
Jan 14 2026 00: +0,,611.189,80
Jan 14 2026 01: +0,,563.723,24
Jan 14 2026 02: +0,,579.081,9
Jan 14 2026 03: +0,,612.674,12
Jan 14 2026 04: +0,,616.121,44
Jan 14 2026 05: +0,,616.121,30
Jan 14 2026 06: +0,,614.314,12
Jan 14 2026 07: +0,,614.332,18
Jan 14 2026 08: +0,,616.121,13
Jan 14 2026 09: +0,,610.891,2
Jan 14 2026 10: +0,,580.56,10
Jan 14 2026 11: +0,,575.268,2
Jan 14 2026 12: +0,,556.42,28
Jan 14 2026 13: +0,,592.806,76
Jan 14 2026 14: +0,,612.507,73
Jan 14 2026 15: +0,,615.217,43
Jan 14 2026 16: +0,,579.628,23
Jan 14 2026 17: +0,,596.112,51
Jan 14 2026 18: +0,,611.189,59
Jan 14 2026 19: +0,,614.092,23
Jan 14 2026 20: +0,,615.088,32
Jan 14 2026 21: +0,,614.35,43
Jan 14 2026 22: +0,,612.616,16
Jan 14 2026 23: +0,,570.607,17
Jan 15 2026 00: +0,,614.824,27
Jan 15 2026 01: +0,,574.564,35
Jan 15 2026 02: +0,,615.217,63
Jan 15 2026 03: +0,,616.121,28
Jan 15 2026 04: +0,,617.475,18
Jan 15 2026 05: +0,,587.212,5
Jan 15 2026 06: +0,,614.314,8
Jan 15 2026 07: +0,,615.217,16
Jan 15 2026 08: +0,,618.855,24
Jan 15 2026 09: +0,,620.566,23
Jan 15 2026 10: +0,,613.41,18
Jan 15 2026 11: +0,,599.032,27
Jan 15 2026 12: +0,,573.619,8
Jan 15 2026 13: +0,,613.41,18
Jan 15 2026 14: +0,,610.49,9
Jan 15 2026 15: +0,,605.349,21
Jan 15 2026 16: +0,,596.195,7
Jan 15 2026 17: +0,,575.769,20
Jan 15 2026 18: +0,,574.818,35
Jan 15 2026 19: +0,,573.486,22
